month,business_region,purchase_type,license_type,license_year,license_count,license_year_count
2026-01-01,EMEA,Offline,Standard,5.0,479,2395.0
2026-01-01,APAC,Offline,Standard,5.0,318,1590.0
2026-01-01,Americas,Online,Standard,1.0,659,659.0
2026-01-01,APAC,Online,Trial,0.2465753424657534,1568,386.63013698629226
2026-01-01,Americas,Offline,Pro,5.0,66,330.0
2026-01-01,EMEA,Online,Trial,0.2465753424657534,1088,268.273972602734
2026-01-01,EMEA,Offline,Standard,1.0,265,265.0
2026-01-01,Americas,Online,Trial,0.2465753424657534,1056,260.3835616438301
2026-01-01,Americas,Offline,Trial,5.002739726027397,50,250.13698630136963
2026-01-01,APAC,Offline,Pro,3.0,51,153.0
2026-01-01,EMEA,Online,Standard,1.0,111,111.0
2026-01-01,Americas,Online,Standard,5.0,17,85.0
2026-01-01,APAC,Online,Standard,1.0,81,81.0
2026-01-01,APAC,Offline,Standard,1.0,80,80.0
2026-01-01,Americas,Online,Standard,3.0,26,78.0
2026-01-01,Americas,Online,Standard,2.0,39,78.0
2026-01-01,EMEA,Offline,Standard,3.0,22,66.0
2026-01-01,Americas,Online,Others,1.0,46,46.0
2026-01-01,APAC,Online,Trial,0.0821917808219178,490,40.27397260273968
2026-01-01,EMEA,Online,Standard,2.0,18,36.0
2026-01-01,APAC,Online,Standard,2.0,16,32.0
2026-01-01,APAC,Online,Others,1.0,30,30.0
2026-01-01,EMEA,Online,Trial,0.0821917808219178,340,27.945205479452188
2026-01-01,Americas,Online,Trial,0.0821917808219178,330,27.123287671232998
2026-01-01,APAC,Offline,Surveillance,5.0,5,25.0
2026-01-01,APAC,Offline,Standard,3.0,8,24.0
2026-01-01,APAC,Offline,Pro,5.0,3,15.0
2026-01-01,EMEA,Offline,Surveillance,1.0,13,13.0
2026-01-01,APAC,Online,Standard,5.0,2,10.0
2026-01-01,Americas,Offline,Standard,1.0,8,8.0
2026-01-01,EMEA,Online,Standard,4.0,1,4.0
2026-01-01,APAC,Online,Surveillance,1.0,4,4.0
2026-01-01,APAC,Offline,Trial,0.2465753424657534,13,3.2054794520547953
2026-01-01,APAC,Online,Standard,3.0,1,3.0
2026-01-01,EMEA,Online,Standard,3.0,1,3.0
2026-01-01,EMEA,Offline,Trial,0.2465753424657534,5,1.2328767123287672
2026-01-01,Americas,Offline,Trial,0.2465753424657534,5,1.2328767123287672
2026-01-01,Americas,Online,Surveillance,1.0,1,1.0
2026-01-01,EMEA,Online,Trial,0.0833333333333333,10,0.8333333333333329
2026-01-01,Americas,Offline,Trial,0.0821917808219178,10,0.821917808219178
2026-01-01,EMEA,Offline,Trial,0.0986301369863014,5,0.493150684931507
2026-01-01,APAC,Offline,Trial,0.0273972602739726,10,0.273972602739726
2026-01-01,Americas,Online,Trial,0.0027397260273973,40,0.10958904109589206
2025-12-01,Americas,Offline,Standard,1.0,2517,2517.0
2025-12-01,EMEA,Offline,Standard,5.0,473,2365.0
2025-12-01,Americas,Offline,Trial,5.002739726027397,320,1600.8767123287591
2025-12-01,APAC,Online,Trial,0.2465753424657534,5184,1278.246575342608
2025-12-01,EMEA,Offline,Standard,3.0,415,1245.0
2025-12-01,Americas,Online,Standard,1.0,944,944.0
2025-12-01,Americas,Offline,Standard,5.0,163,815.0
2025-12-01,EMEA,Online,Trial,0.2465753424657534,3264,804.8219178082657
2025-12-01,Americas,Online,Trial,0.2465753424657534,2688,662.794520547963
2025-12-01,Americas,Online,Standard,5.0,114,570.0
2025-12-01,APAC,Offline,Standard,5.0,97,485.0
2025-12-01,EMEA,Offline,Standard,1.0,385,385.0
2025-12-01,Americas,Online,Standard,3.0,118,354.0
2025-12-01,APAC,Offline,Standard,3.0,114,342.0
2025-12-01,APAC,Online,Standard,1.0,288,288.0
2025-12-01,EMEA,Online,Standard,1.0,242,242.0
2025-12-01,APAC,Online,Trial,0.0821917808219178,1601,131.58904109588778
2025-12-01,APAC,Offline,Standard,1.0,123,123.0
2025-12-01,EMEA,Online,Trial,0.0821917808219178,1020,83.83561643835489
2025-12-01,Americas,Online,Standard,2.0,40,80.0
2025-12-01,Americas,Online,Trial,0.0821917808219178,827,67.9726027397252
2025-12-01,APAC,Offline,Pro,3.0,20,60.0
2025-12-01,APAC,Online,Standard,2.0,24,48.0
2025-12-01,Americas,Offline,Standard,3.0,15,45.0
2025-12-01,Americas,Offline,Pro,5.0,7,35.0
2025-12-01,EMEA,Offline,Surveillance,5.0,6,30.0
2025-12-01,EMEA,Online,Standard,3.0,9,27.0
2025-12-01,APAC,Offline,Surveillance,5.0,5,25.0
2025-12-01,EMEA,Online,Standard,5.0,5,25.0
2025-12-01,EMEA,Offline,Surveillance,1.0,25,25.0
2025-12-01,APAC,Online,Surveillance,1.0,24,24.0
2025-12-01,EMEA,Online,Standard,2.0,6,12.0
2025-12-01,Americas,Offline,Pro,1.0,10,10.0
2025-12-01,APAC,Online,Others,1.0,8,8.0
2025-12-01,EMEA,Offline,Trial,0.2465753424657534,32,7.890410958904112
2025-12-01,Americas,Offline,Trial,1.0,7,7.0
2025-12-01,APAC,Offline,Trial,0.2465753424657534,25,6.164383561643837
2025-12-01,Americas,Offline,Pro,3.0,2,6.0
2025-12-01,APAC,Offline,Surveillance,1.0,5,5.0
2025-12-01,Americas,Online,Standard,4.0,1,4.0
2025-12-01,EMEA,Online,Surveillance,1.0,4,4.0
2025-12-01,APAC,Online,Standard,3.0,1,3.0
2025-12-01,Americas,Online,Trial,0.0027397260273973,721,1.9753424657534662
2025-12-01,Americas,Online,Trial,0.0833333333333333,10,0.8333333333333329
2025-12-01,APAC,Online,Trial,0.0833333333333333,10,0.8333333333333329
2025-12-01,APAC,Offline,Trial,0.1643835616438356,4,0.6575342465753424
2025-12-01,EMEA,Offline,Trial,0.0986301369863014,5,0.493150684931507
2025-11-01,Americas,Offline,Trial,5.002739726027397,11000,55030.13698630094
2025-11-01,APAC,Offline,Standard,5.0,10734,53670.0
2025-11-01,EMEA,Offline,Standard,5.0,770,3850.0
2025-11-01,APAC,Offline,Standard,3.0,875,2625.0
2025-11-01,Americas,Offline,Standard,5.0,417,2085.0
2025-11-01,Americas,Online,Standard,1.0,1669,1669.0
2025-11-01,Americas,Offline,Trial,5.005479452054795,300,1501.6438356164333
2025-11-01,EMEA,Offline,Standard,1.0,1264,1264.0
2025-11-01,APAC,Online,Trial,0.2465753424657534,5088,1254.5753424658908
2025-11-01,Americas,Offline,Standard,1.0,1094,1094.0
2025-11-01,EMEA,Offline,Standard,3.0,297,891.0
2025-11-01,EMEA,Online,Trial,0.2465753424657534,2880,710.1369863013972
2025-11-01,Americas,Online,Trial,0.2465753424657534,2880,710.1369863013972
2025-11-01,Americas,Online,Standard,5.0,88,440.0
2025-11-01,APAC,Offline,Standard,1.0,329,329.0
2025-11-01,Americas,Offline,Trial,1.0,220,220.0
2025-11-01,Americas,Offline,Standard,3.0,67,201.0
2025-11-01,APAC,Online,Standard,1.0,197,197.0
2025-11-01,EMEA,Online,Standard,1.0,195,195.0
2025-11-01,Americas,Online,Standard,3.0,62,186.0
2025-11-01,Americas,Online,Standard,2.0,70,140.0
2025-11-01,APAC,Online,Trial,0.0821917808219178,1557,127.9726027397235
2025-11-01,EMEA,Online,Standard,5.0,21,105.0
2025-11-01,Americas,Offline,Pro,3.0,34,102.0
2025-11-01,Americas,Online,Trial,0.0821917808219178,870,71.50684931506757
2025-11-01,EMEA,Online,Trial,0.0821917808219178,853,70.109589041095
2025-11-01,APAC,Online,Others,1.0,60,60.0
2025-11-01,APAC,Online,Standard,5.0,9,45.0
2025-11-01,EMEA,Online,Standard,3.0,15,45.0
2025-11-01,EMEA,Online,Standard,2.0,14,28.0
2025-11-01,Americas,Offline,Trial,0.2465753424657534,112,27.61643835616439
2025-11-01,APAC,Online,Standard,3.0,9,27.0
2025-11-01,APAC,Offline,Surveillance,5.0,5,25.0
2025-11-01,APAC,Online,Standard,2.0,4,8.0
2025-11-01,APAC,Online,Surveillance,1.0,8,8.0
2025-11-01,APAC,Offline,Trial,0.2465753424657534,32,7.890410958904112
2025-11-01,APAC,Offline,Pro,5.0,1,5.0
2025-11-01,APAC,Online,Trial,0.0833333333333333,60,4.999999999999998
2025-11-01,Americas,Online,Standard,4.0,1,4.0
2025-11-01,EMEA,Online,Surveillance,1.0,3,3.0
2025-11-01,Americas,Online,Surveillance,3.0,1,3.0
2025-11-01,APAC,Offline,Trial,0.0821917808219178,30,2.465753424657532
2025-11-01,Americas,Offline,Trial,0.2438356164383562,10,2.438356164383562
2025-11-01,Americas,Online,Surveillance,1.0,2,2.0
2025-11-01,Americas,Online,Trial,0.0027397260273973,195,0.5342465753424736
2025-11-01,APAC,Offline,Trial,0.0410958904109589,10,0.410958904109589
2025-11-01,Americas,Offline,Trial,0.0821917808219178,3,0.2465753424657534
2025-10-01,Americas,Offline,Standard,3.0,4424,13272.0
2025-10-01,APAC,Offline,Standard,1.0,9657,9657.0
2025-10-01,APAC,Offline,Standard,5.0,1224,6120.0
2025-10-01,APAC,Online,Trial,9.0,380,3420.0
2025-10-01,EMEA,Online,Trial,9.0,285,2565.0
2025-10-01,EMEA,Offline,Standard,5.0,415,2075.0
2025-10-01,Americas,Online,Trial,9.0,190,1710.0
2025-10-01,EMEA,Offline,Standard,3.0,448,1344.0
2025-10-01,Americas,Online,Standard,1.0,1340,1340.0
2025-10-01,APAC,Online,Trial,0.2465753424657534,4640,1144.109589041211
2025-10-01,APAC,Offline,Standard,3.0,349,1047.0
2025-10-01,Americas,Offline,Pro,5.0,175,875.0
2025-10-01,Americas,Online,Trial,0.2465753424657534,3328,820.6027397260771
2025-10-01,EMEA,Online,Trial,0.2465753424657534,2912,718.0273972603029
2025-10-01,Americas,Offline,Standard,5.0,105,525.0
2025-10-01,Americas,Offline,Standard,1.0,519,519.0
2025-10-01,APAC,Online,Standard,1.0,516,516.0
2025-10-01,Americas,Online,Standard,5.0,89,445.0
2025-10-01,EMEA,Online,Standard,1.0,288,288.0
2025-10-01,APAC,Online,Trial,1.0,200,200.0
2025-10-01,EMEA,Offline,Standard,1.0,190,190.0
2025-10-01,Americas,Online,Standard,3.0,62,186.0
2025-10-01,APAC,Offline,Pro,3.0,53,159.0
2025-10-01,Americas,Offline,Pro,1.0,143,143.0
2025-10-01,Americas,Online,Standard,2.0,69,138.0
2025-10-01,APAC,Online,Trial,0.0821917808219178,1432,117.69863013698406
2025-10-01,Americas,Online,Trial,0.0821917808219178,1040,85.4794520547932
2025-10-01,EMEA,Online,Trial,0.0821917808219178,920,75.61643835616334
2025-10-01,Americas,Offline,Trial,0.2465753424657534,281,69.28767123287658
2025-10-01,EMEA,Online,Standard,2.0,33,66.0
2025-10-01,EMEA,Online,Standard,3.0,20,60.0
2025-10-01,Americas,Offline,Trial,0.4931506849315068,120,59.17808219178084
2025-10-01,EMEA,Online,Standard,5.0,8,40.0
2025-10-01,APAC,Online,Standard,2.0,17,34.0
2025-10-01,APAC,Offline,Trial,0.2465753424657534,107,26.383561643835623
2025-10-01,Americas,Online,Surveillance,5.0,3,15.0
2025-10-01,EMEA,Online,Surveillance,5.0,3,15.0
2025-10-01,APAC,Online,Standard,5.0,2,10.0
2025-10-01,EMEA,Offline,Trial,1.0,10,10.0
2025-10-01,EMEA,Offline,Surveillance,1.0,10,10.0
2025-10-01,Americas,Online,Trial,0.0027397260273973,2799,7.66849315068518
2025-10-01,APAC,Online,Surveillance,1.0,7,7.0
2025-10-01,EMEA,Offline,Trial,0.2465753424657534,26,6.410958904109591
2025-10-01,APAC,Online,Standard,3.0,2,6.0
2025-10-01,APAC,Online,Others,1.0,4,4.0
2025-10-01,EMEA,Online,Surveillance,1.0,4,4.0
2025-10-01,Americas,Online,Standard,4.0,1,4.0
2025-10-01,EMEA,Offline,Trial,0.1643835616438356,20,3.2876712328767104
2025-10-01,Americas,Offline,Trial,1.0,3,3.0
2025-10-01,APAC,Online,Trial,0.0833333333333333,30,2.4999999999999996
2025-10-01,APAC,Offline,Trial,0.1643835616438356,15,2.4657534246575334
2025-10-01,Americas,Online,Surveillance,1.0,2,2.0
2025-10-01,APAC,Offline,Trial,0.1095890410958904,10,1.095890410958904
2025-10-01,APAC,Offline,Trial,0.0821917808219178,11,0.9041095890410958
2025-09-01,APAC,Offline,Standard,1.0,12684,12684.0
2025-09-01,Americas,Offline,Standard,1.0,6280,6280.0
2025-09-01,APAC,Offline,Standard,5.0,1201,6005.0
2025-09-01,EMEA,Offline,Standard,5.0,714,3570.0
2025-09-01,Americas,Offline,Pro,5.0,405,2025.0
2025-09-01,EMEA,Offline,Standard,3.0,555,1665.0
2025-09-01,APAC,Online,Trial,0.2465753424657534,6629,1634.5479452056936
2025-09-01,Americas,Online,Standard,1.0,1450,1450.0
2025-09-01,APAC,Offline,Standard,3.0,475,1425.0
2025-09-01,EMEA,Online,Trial,0.2465753424657534,3424,844.2739726027942
2025-09-01,Americas,Offline,Standard,3.0,229,687.0
2025-09-01,Americas,Online,Trial,0.2465753424657534,2560,631.2328767123402
2025-09-01,Americas,Offline,Trial,0.2465753424657534,2237,551.5890410958857
2025-09-01,Americas,Online,Standard,5.0,97,485.0
2025-09-01,APAC,Online,Standard,1.0,314,314.0
2025-09-01,EMEA,Offline,Surveillance,5.0,50,250.0
2025-09-01,EMEA,Offline,Standard,1.0,223,223.0
2025-09-01,EMEA,Online,Standard,1.0,218,218.0
2025-09-01,APAC,Online,Trial,0.0821917808219178,2077,170.71232876711954
2025-09-01,Americas,Online,Standard,3.0,48,144.0
2025-09-01,Americas,Offline,Trial,1.0,120,120.0
2025-09-01,EMEA,Online,Standard,2.0,56,112.0
2025-09-01,Americas,Online,Standard,2.0,54,108.0
2025-09-01,APAC,Offline,Pro,1.0,105,105.0
2025-09-01,EMEA,Online,Standard,5.0,18,90.0
2025-09-01,EMEA,Online,Trial,0.0821917808219178,1070,87.94520547945066
2025-09-01,EMEA,Online,Standard,3.0,24,72.0
2025-09-01,Americas,Online,Trial,0.0821917808219178,810,66.57534246575264
2025-09-01,Americas,Offline,Pro,1.0,66,66.0
2025-09-01,EMEA,Offline,Pro,1.0,50,50.0
2025-09-01,Americas,Offline,Standard,5.0,10,50.0
2025-09-01,APAC,Online,Standard,3.0,14,42.0
2025-09-01,APAC,Online,Standard,5.0,6,30.0
2025-09-01,Americas,Offline,Surveillance,5.0,5,25.0
2025-09-01,Americas,Offline,Pro,3.0,5,15.0
2025-09-01,APAC,Online,Standard,2.0,7,14.0
2025-09-01,Americas,Online,Standard,4.0,3,12.0
2025-09-01,APAC,Offline,Pro,5.0,2,10.0
2025-09-01,EMEA,Offline,Pro,5.0,2,10.0
2025-09-01,EMEA,Online,Standard,4.0,2,8.0
2025-09-01,APAC,Offline,Trial,0.2465753424657534,25,6.164383561643837
2025-09-01,APAC,Online,Surveillance,1.0,5,5.0
2025-09-01,APAC,Online,Standard,4.0,1,4.0
2025-09-01,Americas,Online,Surveillance,1.0,3,3.0
2025-09-01,EMEA,Offline,Trial,0.2465753424657534,11,2.7123287671232883
2025-09-01,APAC,Offline,Trial,0.0821917808219178,20,1.6438356164383552
2025-09-01,EMEA,Offline,Surveillance,1.0,1,1.0
2025-09-01,EMEA,Online,Surveillance,1.0,1,1.0
2025-09-01,Americas,Online,Trial,0.0027397260273973,342,0.9369863013698692
2025-09-01,EMEA,Online,Trial,0.0833333333333333,10,0.8333333333333329
2025-09-01,APAC,Offline,Trial,0.1643835616438356,4,0.6575342465753424
2025-08-01,Americas,Offline,Standard,1.0,5392,5392.0
2025-08-01,EMEA,Offline,Standard,5.0,425,2125.0
2025-08-01,Americas,Online,Standard,1.0,1664,1664.0
2025-08-01,APAC,Online,Trial,0.2465753424657534,4832,1191.4520547946452
2025-08-01,APAC,Offline,Standard,1.0,670,670.0
2025-08-01,EMEA,Online,Trial,0.2465753424657534,2560,631.2328767123402
2025-08-01,EMEA,Offline,Standard,3.0,199,597.0
2025-08-01,Americas,Online,Trial,0.2465753424657534,2368,583.8904109589059
2025-08-01,Americas,Online,Standard,5.0,102,510.0
2025-08-01,APAC,Online,Standard,1.0,303,303.0
2025-08-01,APAC,Offline,Standard,5.0,53,265.0
2025-08-01,EMEA,Online,Standard,1.0,193,193.0
2025-08-01,EMEA,Offline,Standard,1.0,187,187.0
2025-08-01,Americas,Offline,Trial,0.2465753424657534,524,129.20547945205297
2025-08-01,APAC,Offline,Standard,3.0,42,126.0
2025-08-01,APAC,Online,Trial,0.0821917808219178,1510,124.10958904109347
2025-08-01,EMEA,Online,Standard,3.0,37,111.0
2025-08-01,EMEA,Online,Standard,5.0,21,105.0
2025-08-01,Americas,Online,Standard,3.0,33,99.0
2025-08-01,EMEA,Offline,Surveillance,5.0,19,95.0
2025-08-01,APAC,Online,Standard,2.0,45,90.0
2025-08-01,Americas,Offline,Standard,3.0,23,69.0
2025-08-01,Americas,Online,Standard,2.0,34,68.0
2025-08-01,EMEA,Online,Trial,0.0821917808219178,814,66.9041095890403
2025-08-01,Americas,Online,Trial,0.0821917808219178,740,60.82191780821855
2025-08-01,EMEA,Offline,Surveillance,1.0,50,50.0
2025-08-01,APAC,Offline,Trial,0.2465753424657534,198,48.82191780821919
2025-08-01,APAC,Offline,Pro,3.0,15,45.0
2025-08-01,Americas,Offline,Pro,1.0,31,31.0
2025-08-01,EMEA,Online,Standard,2.0,11,22.0
2025-08-01,Americas,Offline,Standard,5.0,3,15.0
2025-08-01,Americas,Offline,Trial,0.4931506849315068,23,11.34246575342466
2025-08-01,EMEA,Online,Surveillance,1.0,7,7.0
2025-08-01,APAC,Online,Standard,3.0,2,6.0
2025-08-01,APAC,Online,Standard,5.0,1,5.0
2025-08-01,Americas,Offline,Pro,5.0,1,5.0
2025-08-01,Americas,Online,Trial,0.0027397260273973,1660,4.547945205479587
2025-08-01,APAC,Online,Trial,0.0833333333333333,50,4.166666666666668
2025-08-01,EMEA,Online,Standard,4.0,1,4.0
2025-08-01,Americas,Offline,Trial,1.0,4,4.0
2025-08-01,Americas,Online,Trial,0.0833333333333333,40,3.3333333333333344
2025-08-01,EMEA,Offline,Pro,1.0,3,3.0
2025-08-01,EMEA,Offline,Surveillance,3.0,1,3.0
2025-08-01,APAC,Online,Surveillance,1.0,3,3.0
2025-08-01,APAC,Offline,Trial,0.1643835616438356,13,2.1369863013698627
2025-08-01,Americas,Online,Surveillance,2.0,1,2.0
2025-08-01,EMEA,Offline,Trial,0.2465753424657534,7,1.7260273972602742
2025-08-01,EMEA,Offline,Trial,0.0821917808219178,10,0.821917808219178
2025-08-01,APAC,Offline,Trial,0.0821917808219178,3,0.2465753424657534
2025-07-01,APAC,Offline,Standard,1.0,4575,4575.0
2025-07-01,APAC,Offline,Standard,3.0,1412,4236.0
2025-07-01,EMEA,Offline,Standard,5.0,666,3330.0
2025-07-01,EMEA,Offline,Standard,1.0,2160,2160.0
2025-07-01,Americas,Online,Standard,1.0,1865,1865.0
2025-07-01,APAC,Online,Trial,0.2465753424657534,6336,1562.3013698632133
2025-07-01,Americas,Offline,Pro,5.0,189,945.0
2025-07-01,APAC,Offline,Standard,5.0,150,750.0
2025-07-01,EMEA,Online,Trial,0.2465753424657534,2816,694.3561643835858
2025-07-01,EMEA,Offline,Standard,3.0,227,681.0
2025-07-01,Americas,Offline,Standard,1.0,662,662.0
2025-07-01,Americas,Online,Standard,5.0,132,660.0
2025-07-01,APAC,Offline,Pro,5.0,129,645.0
2025-07-01,Americas,Online,Trial,0.2465753424657534,2528,623.3424657534345
2025-07-01,APAC,Online,Standard,1.0,345,345.0
2025-07-01,Americas,Online,Standard,3.0,87,261.0
2025-07-01,Americas,Offline,Surveillance,7.0,30,210.0
2025-07-01,EMEA,Online,Standard,1.0,188,188.0
2025-07-01,Americas,Offline,Standard,7.0,26,182.0
2025-07-01,EMEA,Online,Standard,3.0,57,171.0
2025-07-01,APAC,Online,Trial,0.0821917808219178,1980,162.73972602739374
2025-07-01,Americas,Offline,Pro,1.0,151,151.0
2025-07-01,Americas,Online,Standard,2.0,60,120.0
2025-07-01,EMEA,Offline,Pro,5.0,17,85.0
2025-07-01,EMEA,Online,Trial,0.0821917808219178,883,72.57534246575247
2025-07-01,Americas,Offline,Trial,1.0,66,66.0
2025-07-01,Americas,Online,Trial,0.0821917808219178,790,64.93150684931433
2025-07-01,Americas,Offline,Trial,0.2465753424657534,230,56.7123287671233
2025-07-01,Americas,Offline,Standard,5.0,11,55.0
2025-07-01,EMEA,Online,Standard,5.0,11,55.0
2025-07-01,APAC,Online,Standard,2.0,27,54.0
2025-07-01,Americas,Offline,Standard,3.0,14,42.0
2025-07-01,APAC,Offline,Pro,3.0,12,36.0
2025-07-01,APAC,Online,Standard,3.0,11,33.0
2025-07-01,EMEA,Offline,Surveillance,3.0,10,30.0
2025-07-01,APAC,Offline,Standard,7.0,4,28.0
2025-07-01,EMEA,Online,Standard,2.0,11,22.0
2025-07-01,EMEA,Offline,Trial,0.2465753424657534,71,17.506849315068497
2025-07-01,APAC,Offline,Trial,0.2465753424657534,57,14.054794520547949
2025-07-01,EMEA,Offline,Surveillance,1.0,10,10.0
2025-07-01,EMEA,Online,Standard,4.0,2,8.0
2025-07-01,APAC,Online,Surveillance,1.0,8,8.0
2025-07-01,APAC,Online,Standard,5.0,1,5.0
2025-07-01,APAC,Offline,Surveillance,1.0,5,5.0
2025-07-01,Americas,Online,Standard,4.0,1,4.0
2025-07-01,Americas,Online,Trial,0.0027397260273973,1369,3.7506849315069553
2025-07-01,EMEA,Online,Surveillance,1.0,3,3.0
2025-07-01,EMEA,Offline,Pro,3.0,1,3.0
2025-07-01,APAC,Online,Trial,0.0833333333333333,30,2.4999999999999996
2025-07-01,EMEA,Offline,Trial,0.1643835616438356,15,2.4657534246575334
2025-07-01,Americas,Online,Surveillance,1.0,1,1.0
2025-07-01,EMEA,Online,Trial,0.0833333333333333,10,0.8333333333333329
2025-07-01,Americas,Offline,Trial,0.1643835616438356,4,0.6575342465753424
2025-07-01,Americas,Offline,Trial,0.0821917808219178,3,0.2465753424657534
2025-06-01,EMEA,Offline,Standard,5.0,525,2625.0
2025-06-01,APAC,Offline,Standard,3.0,516,1548.0
2025-06-01,Americas,Online,Standard,1.0,1308,1308.0
2025-06-01,Americas,Offline,Trial,0.2465753424657534,5270,1299.452054794667
2025-06-01,Americas,Offline,Standard,1.0,1271,1271.0
2025-06-01,APAC,Online,Trial,0.2465753424657534,4800,1183.5616438357395
2025-06-01,APAC,Offline,Standard,5.0,181,905.0
2025-06-01,APAC,Offline,Standard,1.0,734,734.0
2025-06-01,Americas,Online,Trial,0.2465753424657534,2848,702.2465753424915
2025-06-01,EMEA,Online,Trial,0.2465753424657534,2528,623.3424657534345
2025-06-01,EMEA,Offline,Standard,3.0,206,618.0
2025-06-01,EMEA,Offline,Standard,1.0,435,435.0
2025-06-01,Americas,Offline,Standard,3.0,140,420.0
2025-06-01,Americas,Online,Standard,5.0,70,350.0
2025-06-01,EMEA,Online,Standard,1.0,199,199.0
2025-06-01,Americas,Online,Standard,3.0,55,165.0
2025-06-01,APAC,Online,Standard,1.0,162,162.0
2025-06-01,EMEA,Online,Standard,5.0,29,145.0
2025-06-01,Americas,Online,Standard,2.0,72,144.0
2025-06-01,Americas,Offline,Trial,1.0,140,140.0
2025-06-01,APAC,Online,Trial,0.0821917808219178,1500,123.28767123287432
2025-06-01,Americas,Offline,Pro,1.0,77,77.0
2025-06-01,Americas,Online,Others,1.0,75,75.0
2025-06-01,Americas,Online,Trial,0.0821917808219178,900,73.97260273972503
2025-06-01,EMEA,Online,Standard,3.0,23,69.0
2025-06-01,EMEA,Online,Trial,0.0821917808219178,790,64.93150684931433
2025-06-01,APAC,Offline,Pro,3.0,21,63.0
2025-06-01,EMEA,Online,Others,1.0,60,60.0
2025-06-01,EMEA,Offline,Surveillance,5.0,12,60.0
2025-06-01,APAC,Online,Others,1.0,60,60.0
2025-06-01,Americas,Online,Standard,4.0,14,56.0
2025-06-01,APAC,Online,Standard,5.0,11,55.0
2025-06-01,Americas,Offline,Surveillance,1.0,32,32.0
2025-06-01,EMEA,Offline,Surveillance,1.0,32,32.0
2025-06-01,APAC,Online,Standard,3.0,9,27.0
2025-06-01,EMEA,Offline,Trial,0.2465753424657534,70,17.260273972602743
2025-06-01,Americas,Offline,Standard,5.0,3,15.0
2025-06-01,EMEA,Online,Surveillance,1.0,15,15.0
2025-06-01,APAC,Offline,Pro,1.0,14,14.0
2025-06-01,APAC,Offline,Trial,0.2465753424657534,52,12.821917808219181
2025-06-01,Americas,Offline,Surveillance,5.0,2,10.0
2025-06-01,Americas,Online,Trial,0.0833333333333333,110,9.166666666666663
2025-06-01,Americas,Offline,Surveillance,3.0,2,6.0
2025-06-01,EMEA,Offline,Surveillance,3.0,2,6.0
2025-06-01,APAC,Offline,Surveillance,1.0,5,5.0
2025-06-01,APAC,Online,Standard,4.0,1,4.0
2025-06-01,APAC,Online,Trial,0.0833333333333333,40,3.3333333333333344
2025-06-01,EMEA,Online,Trial,0.0833333333333333,40,3.3333333333333344
2025-06-01,Americas,Online,Trial,0.0027397260273973,781,2.1397260273973076
2025-06-01,APAC,Online,Standard,2.0,1,2.0
2025-06-01,EMEA,Online,Standard,2.0,1,2.0
2025-06-01,Americas,Offline,Trial,0.4931506849315068,4,1.9726027397260273
2025-06-01,APAC,Offline,Trial,0.1643835616438356,10,1.643835616438356
2025-06-01,APAC,Online,Surveillance,1.0,1,1.0
2025-06-01,APAC,Offline,Trial,0.0821917808219178,4,0.3287671232876712
2025-06-01,APAC,Offline,Trial,0.0191780821917808,1,0.0191780821917808
2025-05-01,APAC,Offline,Standard,5.0,8862,44310.0
2025-05-01,EMEA,Offline,Standard,5.0,723,3615.0
2025-05-01,EMEA,Offline,Standard,3.0,1116,3348.0
2025-05-01,EMEA,Offline,Standard,1.0,2178,2178.0
2025-05-01,Americas,Online,Standard,1.0,1519,1519.0
2025-05-01,APAC,Offline,Standard,1.0,1231,1231.0
2025-05-01,APAC,Offline,Standard,3.0,287,861.0
2025-05-01,APAC,Online,Trial,0.2465753424657534,3038,749.0958904109941
2025-05-01,Americas,Online,Standard,5.0,136,680.0
2025-05-01,Americas,Online,Trial,0.2465753424657534,2336,576.0000000000002
2025-05-01,EMEA,Online,Trial,0.2465753424657534,1888,465.5342465753311
2025-05-01,Americas,Offline,Standard,1.0,419,419.0
2025-05-01,Americas,Offline,Standard,3.0,119,357.0
2025-05-01,EMEA,Online,Standard,1.0,320,320.0
2025-05-01,APAC,Online,Standard,1.0,301,301.0
2025-05-01,APAC,Offline,Pro,1.0,226,226.0
2025-05-01,APAC,Offline,Pro,3.0,64,192.0
2025-05-01,Americas,Online,Standard,3.0,52,156.0
2025-05-01,Americas,Offline,Trial,0.2465753424657534,579,142.76712328766902
2025-05-01,APAC,Online,Trial,0.0821917808219178,1710,140.54794520547657
2025-05-01,Americas,Online,Trial,0.0821917808219178,1140,93.69863013698475
2025-05-01,APAC,Online,Standard,3.0,30,90.0
2025-05-01,Americas,Offline,Pro,5.0,18,90.0
2025-05-01,EMEA,Online,Trial,0.0821917808219178,1000,82.19178082191658
2025-05-01,EMEA,Online,Standard,5.0,15,75.0
2025-05-01,APAC,Online,Trial,1.0,60,60.0
2025-05-01,Americas,Online,Standard,2.0,29,58.0
2025-05-01,APAC,Online,Others,1.0,56,56.0
2025-05-01,EMEA,Online,Standard,3.0,17,51.0
2025-05-01,Americas,Offline,Standard,5.0,10,50.0
2025-05-01,Americas,Offline,Pro,1.0,49,49.0
2025-05-01,APAC,Online,Standard,5.0,8,40.0
2025-05-01,APAC,Offline,Surveillance,1.0,30,30.0
2025-05-01,Americas,Online,Others,1.0,30,30.0
2025-05-01,APAC,Offline,Trial,0.2465753424657534,97,23.917808219178088
2025-05-01,EMEA,Online,Standard,2.0,8,16.0
2025-05-01,APAC,Online,Surveillance,1.0,10,10.0
2025-05-01,Americas,Online,Surveillance,1.0,9,9.0
2025-05-01,EMEA,Online,Standard,4.0,2,8.0
2025-05-01,Americas,Online,Trial,0.0027397260273973,1580,4.328767123287798
2025-05-01,APAC,Online,Trial,0.0833333333333333,50,4.166666666666668
2025-05-01,APAC,Online,Standard,2.0,2,4.0
2025-05-01,Americas,Online,Trial,0.0833333333333333,40,3.3333333333333344
2025-05-01,Americas,Offline,Trial,0.4931506849315068,4,1.9726027397260273
2025-05-01,APAC,Offline,Trial,0.273972602739726,5,1.36986301369863
2025-05-01,EMEA,Online,Surveillance,1.0,1,1.0
2025-05-01,EMEA,Offline,Trial,0.4931506849315068,2,0.9863013698630136
2025-05-01,EMEA,Offline,Trial,0.0821917808219178,10,0.821917808219178
2025-05-01,EMEA,Offline,Trial,0.2465753424657534,2,0.4931506849315068
2025-05-01,APAC,Offline,Trial,0.0821917808219178,5,0.410958904109589
2025-05-01,APAC,Offline,Trial,0.0273972602739726,10,0.273972602739726
2025-04-01,Americas,Offline,Surveillance,5.0,2010,10050.0
2025-04-01,APAC,Offline,Standard,5.0,1213,6065.0
2025-04-01,APAC,Offline,Surveillance,5.0,1010,5050.0
2025-04-01,EMEA,Offline,Surveillance,5.0,980,4900.0
2025-04-01,Americas,Offline,Surveillance,3.0,1200,3600.0
2025-04-01,APAC,Offline,Surveillance,3.0,701,2103.0
2025-04-01,EMEA,Offline,Standard,5.0,370,1850.0
2025-04-01,EMEA,Offline,Surveillance,3.0,499,1497.0
2025-04-01,Americas,Online,Standard,1.0,1345,1345.0
2025-04-01,APAC,Offline,Standard,1.0,1268,1268.0
2025-04-01,Americas,Offline,Trial,0.2465753424657534,3045,750.8219178082547
2025-04-01,EMEA,Offline,Standard,3.0,243,729.0
2025-04-01,EMEA,Offline,Standard,1.0,609,609.0
2025-04-01,APAC,Offline,Standard,3.0,169,507.0
2025-04-01,Americas,Online,Standard,5.0,89,445.0
2025-04-01,Americas,Offline,Trial,0.410958904109589,1080,443.83561643834776
2025-04-01,Americas,Offline,Surveillance,1.0,400,400.0
2025-04-01,Americas,Offline,Standard,1.0,348,348.0
2025-04-01,APAC,Online,Standard,1.0,301,301.0
2025-04-01,Americas,Online,Standard,3.0,87,261.0
2025-04-01,APAC,Offline,Surveillance,1.0,213,213.0
2025-04-01,Americas,Offline,Standard,3.0,64,192.0
2025-04-01,EMEA,Offline,Surveillance,1.0,187,187.0
2025-04-01,EMEA,Online,Standard,1.0,182,182.0
2025-04-01,EMEA,Online,Standard,3.0,54,162.0
2025-04-01,APAC,Online,Trial,0.0821917808219178,1686,138.5753424657506
2025-04-01,APAC,Online,Standard,2.0,64,128.0
2025-04-01,Americas,Online,Standard,2.0,60,120.0
2025-04-01,EMEA,Online,Trial,0.0821917808219178,1336,109.80821917808018
2025-04-01,Americas,Online,Trial,0.0821917808219178,1220,100.27397260273798
2025-04-01,Americas,Offline,Trial,1.0,100,100.0
2025-04-01,EMEA,Online,Standard,5.0,15,75.0
2025-04-01,APAC,Offline,Pro,5.0,13,65.0
2025-04-01,APAC,Online,Standard,5.0,13,65.0
2025-04-01,Americas,Offline,Pro,1.0,51,51.0
2025-04-01,Americas,Offline,Pro,5.0,4,20.0
2025-04-01,EMEA,Offline,Trial,1.0,10,10.0
2025-04-01,Americas,Offline,Pro,3.0,3,9.0
2025-04-01,APAC,Online,Trial,0.0833333333333333,80,6.666666666666659
2025-04-01,APAC,Offline,Trial,0.2465753424657534,25,6.164383561643837
2025-04-01,EMEA,Online,Standard,2.0,3,6.0
2025-04-01,APAC,Online,Standard,3.0,2,6.0
2025-04-01,EMEA,Offline,Pro,1.0,6,6.0
2025-04-01,EMEA,Online,Trial,0.0833333333333333,70,5.833333333333329
2025-04-01,Americas,Offline,Standard,5.0,1,5.0
2025-04-01,Americas,Offline,Trial,0.4931506849315068,7,3.4520547945205484
2025-04-01,Americas,Online,Trial,0.0833333333333333,40,3.3333333333333344
2025-04-01,EMEA,Offline,Trial,0.2465753424657534,10,2.4657534246575348
2025-04-01,APAC,Offline,Trial,0.4931506849315068,5,2.4657534246575343
2025-04-01,Americas,Online,Trial,0.0027397260273973,819,2.2438356164384072
2025-04-01,Americas,Offline,Trial,0.1643835616438356,10,1.643835616438356
2025-04-01,Americas,Offline,Trial,0.0821917808219178,11,0.9041095890410958
2025-04-01,APAC,Offline,Trial,0.0821917808219178,5,0.410958904109589
2025-03-01,APAC,Offline,Standard,5.0,2974,14870.0
2025-03-01,APAC,Offline,Surveillance,5.0,500,2500.0
2025-03-01,Americas,Offline,Surveillance,5.0,500,2500.0
2025-03-01,APAC,Offline,Standard,1.0,2458,2458.0
2025-03-01,Americas,Online,Standard,1.0,1662,1662.0
2025-03-01,Americas,Offline,Pro,5.0,326,1630.0
2025-03-01,EMEA,Offline,Standard,3.0,524,1572.0
2025-03-01,EMEA,Offline,Standard,5.0,202,1010.0
2025-03-01,APAC,Offline,Surveillance,3.0,300,900.0
2025-03-01,Americas,Offline,Surveillance,3.0,300,900.0
2025-03-01,EMEA,Offline,Standard,1.0,563,563.0
2025-03-01,Americas,Online,Standard,5.0,99,495.0
2025-03-01,Americas,Offline,Standard,1.0,407,407.0
2025-03-01,Americas,Online,Standard,2.0,121,242.0
2025-03-01,EMEA,Online,Standard,1.0,209,209.0
2025-03-01,APAC,Online,Standard,1.0,204,204.0
2025-03-01,APAC,Online,Trial,0.0821917808219178,1702,139.89041095890124
2025-03-01,Americas,Online,Standard,3.0,45,135.0
2025-03-01,EMEA,Online,Trial,0.0821917808219178,1640,134.79452054794248
2025-03-01,APAC,Offline,Standard,3.0,36,108.0
2025-03-01,APAC,Online,Standard,5.0,21,105.0
2025-03-01,Americas,Online,Trial,0.0821917808219178,1270,104.38356164383376
2025-03-01,APAC,Offline,Surveillance,1.0,100,100.0
2025-03-01,Americas,Offline,Surveillance,1.0,100,100.0
2025-03-01,EMEA,Online,Standard,3.0,31,93.0
2025-03-01,EMEA,Online,Standard,5.0,18,90.0
2025-03-01,Americas,Offline,Standard,3.0,21,63.0
2025-03-01,Americas,Online,Standard,4.0,10,40.0
2025-03-01,APAC,Online,Standard,3.0,13,39.0
2025-03-01,EMEA,Online,Standard,2.0,15,30.0
2025-03-01,APAC,Online,Standard,2.0,9,18.0
2025-03-01,Americas,Offline,Pro,1.0,16,16.0
2025-03-01,Americas,Offline,Standard,5.0,3,15.0
2025-03-01,APAC,Online,Trial,1.0,10,10.0
2025-03-01,APAC,Offline,Pro,1.0,6,6.0
2025-03-01,EMEA,Offline,Trial,1.0,5,5.0
2025-03-01,Americas,Online,Trial,0.0833333333333333,60,4.999999999999998
2025-03-01,APAC,Online,Trial,0.0833333333333333,50,4.166666666666668
2025-03-01,APAC,Offline,Trial,0.0821917808219178,27,2.219178082191779
2025-03-01,Americas,Online,Trial,0.0027397260273973,661,1.8109589041096246
2025-03-01,EMEA,Online,Trial,0.0833333333333333,20,1.6666666666666656
2025-03-01,EMEA,Offline,Pro,1.0,1,1.0
2025-03-01,EMEA,Offline,Trial,0.0821917808219178,10,0.821917808219178
2025-03-01,APAC,Offline,Trial,0.1643835616438356,3,0.4931506849315068
2025-03-01,Americas,Offline,Trial,0.1643835616438356,1,0.1643835616438356
2025-03-01,EMEA,Offline,Trial,0.0027397260273973,5,0.013698630136986502
2025-02-01,Americas,Offline,Standard,1.0,82786,82786.0
2025-02-01,APAC,Offline,Standard,5.0,2139,10695.0
2025-02-01,APAC,Online,Trial,3.0,1235,3705.0
2025-02-01,EMEA,Offline,Standard,1.0,2306,2306.0
2025-02-01,APAC,Offline,Standard,1.0,2209,2209.0
2025-02-01,Americas,Online,Trial,3.0,665,1995.0
2025-02-01,EMEA,Offline,Standard,5.0,243,1215.0
2025-02-01,Americas,Online,Standard,1.0,1137,1137.0
2025-02-01,EMEA,Online,Trial,3.0,248,744.0
2025-02-01,Americas,Online,Trial,0.1643835616438356,3920,644.3835616438196
2025-02-01,Americas,Online,Standard,5.0,110,550.0
2025-02-01,EMEA,Offline,Standard,3.0,176,528.0
2025-02-01,APAC,Offline,Pro,5.0,58,290.0
2025-02-01,APAC,Online,Standard,1.0,223,223.0
2025-02-01,APAC,Online,Others,1.0,220,220.0
2025-02-01,Americas,Online,Standard,3.0,68,204.0
2025-02-01,Americas,Offline,Pro,1.0,176,176.0
2025-02-01,APAC,Online,Trial,0.0821917808219178,1977,162.493150684928
2025-02-01,EMEA,Online,Standard,1.0,151,151.0
2025-02-01,APAC,Offline,Standard,3.0,45,135.0
2025-02-01,EMEA,Online,Trial,0.0821917808219178,1640,134.79452054794248
2025-02-01,Americas,Online,Trial,0.0821917808219178,1343,110.38356164383359
2025-02-01,EMEA,Online,Trial,1.0,100,100.0
2025-02-01,EMEA,Online,Standard,3.0,31,93.0
2025-02-01,APAC,Online,Trial,1.0,71,71.0
2025-02-01,APAC,Offline,Pro,3.0,21,63.0
2025-02-01,Americas,Online,Standard,2.0,30,60.0
2025-02-01,Americas,Offline,Pro,5.0,11,55.0
2025-02-01,EMEA,Offline,Pro,1.0,50,50.0
2025-02-01,APAC,Online,Standard,5.0,10,50.0
2025-02-01,Americas,Offline,Standard,5.0,8,40.0
2025-02-01,EMEA,Online,Standard,2.0,15,30.0
2025-02-01,EMEA,Online,Standard,5.0,5,25.0
2025-02-01,Americas,Online,Standard,4.0,6,24.0
2025-02-01,APAC,Online,Standard,3.0,8,24.0
2025-02-01,APAC,Online,Standard,2.0,10,20.0
2025-02-01,Americas,Online,Trial,1.0,20,20.0
2025-02-01,Americas,Offline,Standard,3.0,6,18.0
2025-02-01,APAC,Online,Trial,0.0833333333333333,200,16.6666666666667
2025-02-01,APAC,Online,Trial,0.2465753424657534,63,15.53424657534247
2025-02-01,EMEA,Offline,Pro,5.0,2,10.0
2025-02-01,EMEA,Online,Trial,0.4931506849315068,20,9.863013698630139
2025-02-01,Americas,Offline,Pro,3.0,3,9.0
2025-02-01,Americas,Online,Trial,0.0027397260273973,2294,6.284931506849513
2025-02-01,Americas,Online,Trial,0.0833333333333333,40,3.3333333333333344
2025-02-01,Americas,Online,Trial,0.2465753424657534,12,2.958904109589042
2025-02-01,EMEA,Online,Trial,0.0833333333333333,20,1.6666666666666656
2025-02-01,EMEA,Online,Trial,0.1643835616438356,10,1.643835616438356
2025-02-01,APAC,Online,Trial,0.1643835616438356,6,0.9863013698630136
2025-01-01,Americas,Online,Trial,0.1643835616438356,13244,2177.095890411518
2025-01-01,Americas,Online,Standard,1.0,1246,1246.0
2025-01-01,EMEA,Offline,Standard,5.0,203,1015.0
2025-01-01,APAC,Offline,Standard,1.0,787,787.0
2025-01-01,APAC,Offline,Standard,5.0,99,495.0
2025-01-01,Americas,Online,Standard,5.0,96,480.0
2025-01-01,EMEA,Offline,Standard,3.0,145,435.0
2025-01-01,EMEA,Offline,Standard,1.0,407,407.0
2025-01-01,Americas,Offline,Pro,3.0,110,330.0
2025-01-01,Americas,Offline,Standard,1.0,327,327.0
2025-01-01,APAC,Online,Standard,1.0,278,278.0
2025-01-01,Americas,Online,Standard,3.0,86,258.0
2025-01-01,Americas,Offline,Standard,5.0,31,155.0
2025-01-01,APAC,Online,Trial,0.0821917808219178,1849,151.97260273972282
2025-01-01,EMEA,Online,Standard,1.0,135,135.0
2025-01-01,Americas,Online,Standard,2.0,66,132.0
2025-01-01,EMEA,Online,Trial,0.0821917808219178,1484,121.97260273972367
2025-01-01,Americas,Online,Trial,0.0821917808219178,1360,111.78082191780615
2025-01-01,Americas,Offline,Pro,1.0,88,88.0
2025-01-01,APAC,Offline,Standard,3.0,29,87.0
2025-01-01,Americas,Online,Trial,1.0,70,70.0
2025-01-01,Americas,Offline,Standard,3.0,23,69.0
2025-01-01,EMEA,Online,Standard,3.0,21,63.0
2025-01-01,Americas,Offline,Pro,5.0,12,60.0
2025-01-01,APAC,Offline,Pro,5.0,9,45.0
2025-01-01,EMEA,Online,Standard,5.0,7,35.0
2025-01-01,APAC,Online,Standard,2.0,17,34.0
2025-01-01,APAC,Online,Standard,5.0,6,30.0
2025-01-01,APAC,Online,Others,1.0,30,30.0
2025-01-01,APAC,Online,Trial,0.2465753424657534,112,27.61643835616439
2025-01-01,Americas,Online,Trial,0.4931506849315068,45,22.191780821917813
2025-01-01,APAC,Online,Trial,1.0,12,12.0
2025-01-01,EMEA,Offline,Pro,1.0,10,10.0
2025-01-01,EMEA,Online,Trial,0.4931506849315068,20,9.863013698630139
2025-01-01,APAC,Online,Trial,0.1643835616438356,50,8.219178082191773
2025-01-01,Americas,Online,Standard,4.0,2,8.0
2025-01-01,EMEA,Online,Trial,1.0,5,5.0
2025-01-01,APAC,Online,Trial,0.0833333333333333,60,4.999999999999998
2025-01-01,EMEA,Online,Standard,2.0,2,4.0
2025-01-01,APAC,Online,Standard,3.0,1,3.0
2025-01-01,Americas,Online,Trial,0.0027397260273973,657,1.8000000000000351
2025-01-01,Americas,Online,Trial,0.2465753424657534,6,1.4794520547945207
2025-01-01,APAC,Offline,Pro,1.0,1,1.0
2025-01-01,EMEA,Online,Trial,0.1643835616438356,1,0.1643835616438356
2024-12-01,APAC,Offline,Standard,1.0,2597,2597.0
2024-12-01,Americas,Offline,Standard,1.0,1208,1208.0
2024-12-01,Americas,Online,Standard,1.0,913,913.0
2024-12-01,APAC,Offline,Standard,3.0,261,783.0
2024-12-01,EMEA,Offline,Standard,5.0,140,700.0
2024-12-01,Americas,Online,Trial,0.4931506849315068,1000,493.1506849314965
2024-12-01,Americas,Online,Standard,5.0,97,485.0
2024-12-01,EMEA,Offline,Standard,3.0,103,309.0
2024-12-01,APAC,Offline,Standard,5.0,54,270.0
2024-12-01,APAC,Online,Standard,1.0,197,197.0
2024-12-01,APAC,Online,Trial,0.0821917808219178,2036,167.342465753421
2024-12-01,Americas,Offline,Standard,3.0,51,153.0
2024-12-01,Americas,Online,Trial,0.0821917808219178,1483,121.89041095890175
2024-12-01,EMEA,Online,Standard,1.0,115,115.0
2024-12-01,Americas,Online,Standard,2.0,55,110.0
2024-12-01,Americas,Online,Trial,1.0,110,110.0
2024-12-01,EMEA,Online,Trial,0.0821917808219178,1321,108.57534246575145
2024-12-01,EMEA,Offline,Standard,1.0,100,100.0
2024-12-01,Americas,Offline,Pro,3.0,29,87.0
2024-12-01,Americas,Online,Standard,3.0,25,75.0
2024-12-01,EMEA,Online,Standard,5.0,14,70.0
2024-12-01,Americas,Online,Others,1.0,60,60.0
2024-12-01,EMEA,Online,Standard,3.0,17,51.0
2024-12-01,EMEA,Offline,Pro,5.0,10,50.0
2024-12-01,APAC,Online,Trial,1.0,46,46.0
2024-12-01,Americas,Offline,Pro,5.0,8,40.0
2024-12-01,APAC,Online,Standard,5.0,8,40.0
2024-12-01,Americas,Offline,Pro,1.0,35,35.0
2024-12-01,Americas,Online,Trial,0.0027397260273973,12660,34.68493150684537
2024-12-01,APAC,Online,Others,1.0,30,30.0
2024-12-01,APAC,Online,Trial,0.2465753424657534,114,28.109589041095898
2024-12-01,APAC,Online,Standard,3.0,8,24.0
2024-12-01,Americas,Offline,Standard,5.0,4,20.0
2024-12-01,EMEA,Online,Trial,1.0,20,20.0
2024-12-01,EMEA,Online,Standard,2.0,10,20.0
2024-12-01,APAC,Online,Trial,0.0833333333333333,185,15.416666666666707
2024-12-01,Americas,Online,Trial,0.0833333333333333,160,13.333333333333359
2024-12-01,APAC,Offline,Pro,3.0,3,9.0
2024-12-01,APAC,Offline,Trial,3.0,3,9.0
2024-12-01,APAC,Online,Trial,0.1643835616438356,40,6.575342465753418
2024-12-01,APAC,Online,Standard,2.0,3,6.0
2024-12-01,APAC,Offline,Pro,1.0,5,5.0
2024-12-01,EMEA,Online,Trial,0.0833333333333333,40,3.3333333333333344
2024-12-01,Americas,Offline,Trial,3.0,1,3.0
2024-12-01,EMEA,Online,Trial,0.2465753424657534,9,2.2191780821917813
2024-12-01,Americas,Online,Trial,0.1232876712328767,15,1.8493150684931512
2024-12-01,APAC,Online,Trial,0.0082191780821918,4,0.0328767123287672
2024-11-01,EMEA,Offline,Standard,1.0,2141,2141.0
2024-11-01,APAC,Offline,Standard,1.0,1521,1521.0
2024-11-01,Americas,Online,Standard,1.0,1514,1514.0
2024-11-01,EMEA,Offline,Standard,5.0,242,1210.0
2024-11-01,EMEA,Offline,Standard,3.0,161,483.0
2024-11-01,Americas,Online,Standard,5.0,94,470.0
2024-11-01,APAC,Offline,Standard,3.0,143,429.0
2024-11-01,Americas,Offline,Pro,3.0,122,366.0
2024-11-01,Americas,Offline,Standard,1.0,280,280.0
2024-11-01,APAC,Offline,Standard,5.0,48,240.0
2024-11-01,Americas,Online,Standard,2.0,95,190.0
2024-11-01,APAC,Online,Standard,1.0,174,174.0
2024-11-01,EMEA,Online,Standard,1.0,164,164.0
2024-11-01,Americas,Offline,Pro,5.0,30,150.0
2024-11-01,APAC,Online,Trial,0.0821917808219178,1821,149.67123287670918
2024-11-01,Americas,Online,Standard,3.0,40,120.0
2024-11-01,EMEA,Online,Trial,0.0821917808219178,1080,88.76712328766982
2024-11-01,Americas,Online,Trial,0.0821917808219178,1010,83.01369863013574
2024-11-01,EMEA,Online,Standard,3.0,26,78.0
2024-11-01,APAC,Online,Others,1.0,75,75.0
2024-11-01,EMEA,Online,Standard,5.0,12,60.0
2024-11-01,APAC,Online,Trial,0.0833333333333333,455,37.91666666666665
2024-11-01,Americas,Online,Others,1.0,30,30.0
2024-11-01,EMEA,Online,Others,1.0,30,30.0
2024-11-01,Americas,Online,Trial,1.0,20,20.0
2024-11-01,EMEA,Online,Trial,0.0833333333333333,210,17.50000000000002
2024-11-01,Americas,Offline,Standard,5.0,3,15.0
2024-11-01,EMEA,Online,Standard,2.0,6,12.0
2024-11-01,APAC,Online,Trial,0.2465753424657534,40,9.863013698630139
2024-11-01,Americas,Online,Trial,0.0833333333333333,110,9.166666666666663
2024-11-01,APAC,Online,Standard,3.0,3,9.0
2024-11-01,Americas,Offline,Pro,1.0,8,8.0
2024-11-01,APAC,Offline,Pro,1.0,6,6.0
2024-11-01,APAC,Online,Standard,5.0,1,5.0
2024-11-01,Americas,Online,Trial,0.0027397260273973,1569,4.298630136986427
2024-11-01,APAC,Online,Standard,2.0,2,4.0
2024-11-01,Americas,Offline,Standard,3.0,1,3.0
2024-11-01,APAC,Online,Trial,0.2547945205479452,10,2.547945205479452
2024-11-01,Americas,Online,Trial,0.2465753424657534,10,2.4657534246575348
2024-11-01,Americas,Online,Trial,0.4931506849315068,5,2.4657534246575343
2024-11-01,EMEA,Online,Trial,0.2465753424657534,2,0.4931506849315068
2024-11-01,APAC,Online,Trial,0.1643835616438356,3,0.4931506849315068
2024-10-01,APAC,Offline,Standard,5.0,5003,25015.0
2024-10-01,Americas,Online,Trial,1.0,13895,13895.0
2024-10-01,EMEA,Offline,Standard,3.0,523,1569.0
2024-10-01,Americas,Offline,Standard,3.0,408,1224.0
2024-10-01,Americas,Online,Standard,1.0,1144,1144.0
2024-10-01,APAC,Offline,Standard,3.0,372,1116.0
2024-10-01,APAC,Offline,Standard,1.0,822,822.0
2024-10-01,Americas,Online,Standard,5.0,147,735.0
2024-10-01,Americas,Online,Trial,0.4931506849315068,1200,591.7808219177952
2024-10-01,EMEA,Offline,Standard,1.0,489,489.0
2024-10-01,Americas,Offline,Standard,1.0,411,411.0
2024-10-01,EMEA,Offline,Standard,5.0,72,360.0
2024-10-01,APAC,Online,Standard,1.0,222,222.0
2024-10-01,APAC,Online,Trial,0.0821917808219178,1837,150.98630136985983
2024-10-01,EMEA,Online,Standard,1.0,140,140.0
2024-10-01,Americas,Online,Standard,2.0,44,88.0
2024-10-01,Americas,Online,Trial,0.0821917808219178,1026,84.32876712328638
2024-10-01,EMEA,Offline,Pro,3.0,26,78.0
2024-10-01,EMEA,Online,Standard,3.0,25,75.0
2024-10-01,EMEA,Online,Trial,0.0821917808219178,843,69.28767123287585
2024-10-01,Americas,Offline,Pro,1.0,56,56.0
2024-10-01,APAC,Offline,Pro,3.0,16,48.0
2024-10-01,Americas,Online,Standard,3.0,14,42.0
2024-10-01,EMEA,Online,Standard,5.0,6,30.0
2024-10-01,Americas,Offline,Pro,3.0,8,24.0
2024-10-01,APAC,Online,Trial,0.4931506849315068,41,20.219178082191785
2024-10-01,APAC,Online,Trial,1.0,20,20.0
2024-10-01,APAC,Offline,Pro,1.0,16,16.0
2024-10-01,APAC,Online,Trial,0.2465753424657534,60,14.79452054794521
2024-10-01,Americas,Offline,Standard,5.0,2,10.0
2024-10-01,APAC,Online,Standard,2.0,5,10.0
2024-10-01,APAC,Online,Standard,5.0,2,10.0
2024-10-01,EMEA,Online,Standard,2.0,4,8.0
2024-10-01,Americas,Online,Standard,4.0,1,4.0
2024-10-01,Americas,Online,Trial,0.0027397260273973,1256,3.4410958904110536
2024-10-01,APAC,Online,Standard,3.0,1,3.0
2024-10-01,Americas,Online,Trial,0.1643835616438356,17,2.794520547945204
2024-10-01,EMEA,Online,Trial,0.2465753424657534,10,2.4657534246575348
2024-10-01,APAC,Online,Trial,0.410958904109589,3,1.2328767123287672
2024-10-01,APAC,Online,Trial,0.1643835616438356,5,0.821917808219178
2024-09-01,APAC,Offline,Standard,5.0,5026,25130.0
2024-09-01,APAC,Offline,Standard,1.0,10957,10957.0
2024-09-01,Americas,Online,Standard,1.0,1185,1185.0
2024-09-01,EMEA,Offline,Standard,5.0,146,730.0
2024-09-01,EMEA,Offline,Standard,3.0,188,564.0
2024-09-01,EMEA,Offline,Standard,1.0,340,340.0
2024-09-01,Americas,Online,Standard,5.0,59,295.0
2024-09-01,APAC,Offline,Standard,3.0,91,273.0
2024-09-01,APAC,Online,Standard,1.0,195,195.0
2024-09-01,Americas,Offline,Standard,1.0,173,173.0
2024-09-01,Americas,Online,Standard,2.0,60,120.0
2024-09-01,APAC,Online,Trial,0.0821917808219178,1451,119.26027397260046
2024-09-01,EMEA,Online,Standard,1.0,116,116.0
2024-09-01,EMEA,Online,Standard,3.0,33,99.0
2024-09-01,Americas,Offline,Pro,3.0,30,90.0
2024-09-01,Americas,Online,Standard,3.0,26,78.0
2024-09-01,Americas,Online,Trial,0.0821917808219178,912,74.95890410958802
2024-09-01,EMEA,Online,Trial,0.0821917808219178,750,61.643835616437705
2024-09-01,Americas,Offline,Pro,1.0,54,54.0
2024-09-01,APAC,Online,Trial,1.0,50,50.0
2024-09-01,Americas,Online,Trial,1.0,30,30.0
2024-09-01,EMEA,Online,Standard,2.0,14,28.0
2024-09-01,APAC,Online,Standard,5.0,5,25.0
2024-09-01,APAC,Online,Standard,3.0,5,15.0
2024-09-01,Americas,Offline,Standard,5.0,3,15.0
2024-09-01,EMEA,Online,Standard,5.0,3,15.0
2024-09-01,APAC,Online,Standard,2.0,7,14.0
2024-09-01,APAC,Offline,Pro,1.0,10,10.0
2024-09-01,EMEA,Online,Trial,1.0,10,10.0
2024-09-01,Americas,Online,Trial,0.0027397260273973,1473,4.03561643835628
2024-09-01,Americas,Online,Standard,4.0,1,4.0
2024-09-01,EMEA,Online,Trial,0.4931506849315068,5,2.4657534246575343
2024-09-01,Americas,Online,Trial,0.2465753424657534,6,1.4794520547945207
2024-09-01,Americas,Online,Trial,0.4931506849315068,3,1.4794520547945205
2024-09-01,APAC,Online,Trial,0.1643835616438356,7,1.1506849315068493
2024-09-01,EMEA,Online,Trial,0.8219178082191781,1,0.8219178082191781
2024-08-01,Americas,Offline,Pro,5.0,398,1990.0
2024-08-01,APAC,Offline,Standard,1.0,1870,1870.0
2024-08-01,Americas,Online,Standard,1.0,879,879.0
2024-08-01,Americas,Online,Standard,5.0,127,635.0
2024-08-01,Americas,Online,Trial,0.4931506849315068,1102,543.4520547945089
2024-08-01,APAC,Online,Trial,1.0,511,511.0
2024-08-01,EMEA,Offline,Standard,1.0,340,340.0
2024-08-01,Americas,Online,Standard,3.0,104,312.0
2024-08-01,EMEA,Offline,Standard,3.0,97,291.0
2024-08-01,Americas,Offline,Standard,1.0,288,288.0
2024-08-01,APAC,Offline,Standard,3.0,94,282.0
2024-08-01,APAC,Online,Standard,1.0,238,238.0
2024-08-01,APAC,Online,Trial,0.0821917808219178,2576,211.72602739725536
2024-08-01,Americas,Online,Trial,0.0821917808219178,1890,155.34246575342135
2024-08-01,EMEA,Offline,Standard,5.0,31,155.0
2024-08-01,Americas,Online,Standard,2.0,69,138.0
2024-08-01,EMEA,Online,Trial,0.0821917808219178,1670,137.26027397259995
2024-08-01,EMEA,Online,Standard,3.0,28,84.0
2024-08-01,EMEA,Online,Standard,1.0,81,81.0
2024-08-01,Americas,Offline,Pro,1.0,55,55.0
2024-08-01,Americas,Online,Standard,4.0,4,16.0
2024-08-01,APAC,Offline,Pro,3.0,4,12.0
2024-08-01,APAC,Offline,Standard,5.0,2,10.0
2024-08-01,Americas,Online,Trial,1.0,10,10.0
2024-08-01,Americas,Offline,Standard,3.0,3,9.0
2024-08-01,APAC,Online,Trial,0.2465753424657534,36,8.876712328767125
2024-08-01,APAC,Online,Standard,4.0,2,8.0
2024-08-01,Americas,Online,Trial,0.0027397260273973,2597,7.115068493150913
2024-08-01,Americas,Offline,Pro,3.0,2,6.0
2024-08-01,APAC,Online,Standard,5.0,1,5.0
2024-08-01,EMEA,Online,Standard,5.0,1,5.0
2024-08-01,EMEA,Online,Standard,2.0,2,4.0
2024-08-01,EMEA,Offline,Pro,1.0,3,3.0
2024-08-01,APAC,Online,Standard,3.0,1,3.0
2024-08-01,EMEA,Online,Trial,0.4931506849315068,5,2.4657534246575343
2024-08-01,APAC,Online,Trial,0.4931506849315068,5,2.4657534246575343
2024-08-01,APAC,Online,Trial,0.1643835616438356,15,2.4657534246575334
2024-08-01,APAC,Online,Standard,2.0,1,2.0
2024-08-01,Americas,Online,Trial,0.2465753424657534,5,1.2328767123287672
2024-07-01,APAC,Offline,Standard,1.0,4310,4310.0
2024-07-01,EMEA,Offline,Standard,1.0,2487,2487.0
2024-07-01,EMEA,Offline,Standard,5.0,473,2365.0
2024-07-01,Americas,Online,Standard,1.0,1263,1263.0
2024-07-01,Americas,Online,Standard,5.0,136,680.0
2024-07-01,EMEA,Offline,Standard,3.0,164,492.0
2024-07-01,Americas,Offline,Standard,1.0,397,397.0
2024-07-01,Americas,Online,Standard,3.0,99,297.0
2024-07-01,APAC,Online,Standard,1.0,264,264.0
2024-07-01,Americas,Offline,Pro,3.0,56,168.0
2024-07-01,Americas,Online,Standard,2.0,83,166.0
2024-07-01,Americas,Online,Trial,0.0821917808219178,2010,165.2054794520512
2024-07-01,APAC,Online,Trial,0.0821917808219178,1952,160.4383561643801
2024-07-01,EMEA,Online,Standard,1.0,134,134.0
2024-07-01,EMEA,Online,Trial,0.0821917808219178,1571,129.12328767123032
2024-07-01,APAC,Offline,Standard,5.0,21,105.0
2024-07-01,EMEA,Online,Standard,3.0,35,105.0
2024-07-01,APAC,Offline,Standard,3.0,31,93.0
2024-07-01,EMEA,Online,Standard,5.0,18,90.0
2024-07-01,Americas,Offline,Standard,3.0,19,57.0
2024-07-01,EMEA,Online,Standard,2.0,19,38.0
2024-07-01,APAC,Online,Standard,5.0,7,35.0
2024-07-01,Americas,Online,Trial,0.4931506849315068,67,33.041095890410965
2024-07-01,Americas,Offline,Standard,5.0,6,30.0
2024-07-01,Americas,Online,Standard,4.0,4,16.0
2024-07-01,APAC,Online,Standard,3.0,5,15.0
2024-07-01,APAC,Online,Trial,1.0,13,13.0
2024-07-01,APAC,Offline,Pro,1.0,10,10.0
2024-07-01,APAC,Online,Trial,0.2465753424657534,30,7.397260273972605
2024-07-01,EMEA,Online,Trial,0.4931506849315068,15,7.397260273972605
2024-07-01,Americas,Offline,Pro,1.0,5,5.0
2024-07-01,APAC,Online,Standard,2.0,1,2.0
2024-07-01,Americas,Online,Trial,0.0027397260273973,361,0.9890410958904169
2024-07-01,EMEA,Online,Trial,0.0410958904109589,1,0.0410958904109589
2024-06-01,APAC,Offline,Standard,5.0,500,2500.0
2024-06-01,Americas,Online,Standard,1.0,1631,1631.0
2024-06-01,EMEA,Offline,Standard,3.0,306,918.0
2024-06-01,Americas,Online,Standard,5.0,103,515.0
2024-06-01,APAC,Offline,Standard,1.0,401,401.0
2024-06-01,Americas,Online,Standard,3.0,88,264.0
2024-06-01,APAC,Online,Standard,1.0,231,231.0
2024-06-01,EMEA,Offline,Standard,5.0,32,160.0
2024-06-01,APAC,Online,Trial,0.0821917808219178,1900,156.1643835616405
2024-06-01,EMEA,Offline,Standard,1.0,155,155.0
2024-06-01,EMEA,Online,Trial,0.0821917808219178,1720,141.36986301369572
2024-06-01,Americas,Offline,Standard,5.0,28,140.0
2024-06-01,Americas,Online,Trial,0.0821917808219178,1673,137.5068493150657
2024-06-01,Americas,Online,Standard,2.0,66,132.0
2024-06-01,EMEA,Online,Trial,1.0,130,130.0
2024-06-01,EMEA,Online,Standard,1.0,129,129.0
2024-06-01,Americas,Online,Trial,0.4931506849315068,119,58.68493150684933
2024-06-01,APAC,Offline,Pro,1.0,54,54.0
2024-06-01,Americas,Offline,Standard,1.0,44,44.0
2024-06-01,APAC,Offline,Standard,3.0,12,36.0
2024-06-01,Americas,Offline,Standard,3.0,7,21.0
2024-06-01,EMEA,Online,Standard,3.0,6,18.0
2024-06-01,EMEA,Online,Standard,4.0,4,16.0
2024-06-01,Americas,Offline,Pro,1.0,15,15.0
2024-06-01,Americas,Online,Trial,0.0027397260273973,5275,14.45205479451895
2024-06-01,APAC,Online,Standard,3.0,4,12.0
2024-06-01,APAC,Online,Standard,2.0,6,12.0
2024-06-01,EMEA,Online,Standard,5.0,1,5.0
2024-06-01,APAC,Online,Trial,0.1643835616438356,27,4.438356164383558
2024-06-01,Americas,Online,Standard,4.0,1,4.0
2024-06-01,APAC,Offline,Pro,3.0,1,3.0
2024-06-01,EMEA,Offline,Pro,1.0,2,2.0
2024-06-01,Americas,Online,Trial,0.1643835616438356,10,1.643835616438356
2024-06-01,APAC,Online,Trial,0.3287671232876712,5,1.643835616438356
2024-05-01,Americas,Online,Trial,1.0,6520,6520.0
2024-05-01,APAC,Offline,Standard,5.0,419,2095.0
2024-05-01,Americas,Online,Standard,1.0,915,915.0
2024-05-01,Americas,Online,Standard,5.0,150,750.0
2024-05-01,APAC,Offline,Standard,1.0,713,713.0
2024-05-01,APAC,Offline,Standard,3.0,215,645.0
2024-05-01,Americas,Online,Standard,3.0,187,561.0
2024-05-01,EMEA,Offline,Standard,3.0,105,315.0
2024-05-01,EMEA,Offline,Standard,5.0,52,260.0
2024-05-01,APAC,Online,Trial,0.0821917808219178,2158,177.3698630136947
2024-05-01,APAC,Online,Standard,1.0,171,171.0
2024-05-01,EMEA,Online,Standard,1.0,168,168.0
2024-05-01,Americas,Online,Trial,0.0821917808219178,1843,151.47945205479132
2024-05-01,EMEA,Offline,Standard,1.0,148,148.0
2024-05-01,Americas,Online,Standard,2.0,69,138.0
2024-05-01,EMEA,Online,Trial,0.0821917808219178,1134,93.20547945205325
2024-05-01,EMEA,Online,Standard,3.0,26,78.0
2024-05-01,APAC,Online,Trial,1.0,75,75.0
2024-05-01,Americas,Offline,Standard,1.0,73,73.0
2024-05-01,Americas,Offline,Pro,1.0,46,46.0
2024-05-01,APAC,Online,Standard,5.0,7,35.0
2024-05-01,APAC,Offline,Pro,1.0,32,32.0
2024-05-01,Americas,Online,Trial,0.4931506849315068,54,26.630136986301377
2024-05-01,APAC,Online,Standard,3.0,5,15.0
2024-05-01,APAC,Online,Standard,2.0,7,14.0
2024-05-01,EMEA,Online,Standard,2.0,5,10.0
2024-05-01,Americas,Offline,Standard,5.0,2,10.0
2024-05-01,EMEA,Online,Standard,5.0,2,10.0
2024-05-01,APAC,Online,Trial,0.2465753424657534,36,8.876712328767125
2024-05-01,APAC,Online,Trial,0.1643835616438356,50,8.219178082191773
2024-05-01,EMEA,Offline,Pro,3.0,1,3.0
2024-05-01,EMEA,Online,Trial,0.1643835616438356,15,2.4657534246575334
2024-05-01,Americas,Online,Trial,0.0027397260273973,851,2.3315068493151228
2024-05-01,Americas,Online,Trial,0.2465753424657534,4,0.9863013698630136
2024-04-01,EMEA,Offline,Standard,3.0,1046,3138.0
2024-04-01,EMEA,Offline,Standard,1.0,2240,2240.0
2024-04-01,APAC,Offline,Standard,3.0,517,1551.0
2024-04-01,Americas,Online,Standard,1.0,1032,1032.0
2024-04-01,APAC,Offline,Standard,1.0,1020,1020.0
2024-04-01,EMEA,Offline,Standard,5.0,195,975.0
2024-04-01,Americas,Online,Standard,5.0,80,400.0
2024-04-01,APAC,Online,Standard,1.0,375,375.0
2024-04-01,EMEA,Online,Surveillance,1.0,230,230.0
2024-04-01,APAC,Offline,Pro,5.0,38,190.0
2024-04-01,APAC,Online,Trial,0.0821917808219178,2049,168.4109589041059
2024-04-01,Americas,Online,Trial,0.0821917808219178,1879,154.43835616438028
2024-04-01,EMEA,Online,Standard,1.0,154,154.0
2024-04-01,APAC,Online,Surveillance,1.0,135,135.0
2024-04-01,EMEA,Online,Trial,0.0821917808219178,1520,124.93150684931263
2024-04-01,Americas,Online,Standard,2.0,45,90.0
2024-04-01,Americas,Offline,Standard,1.0,90,90.0
2024-04-01,EMEA,Online,Standard,3.0,30,90.0
2024-04-01,APAC,Online,Trial,1.0,88,88.0
2024-04-01,Americas,Online,Standard,3.0,21,63.0
2024-04-01,APAC,Online,Standard,3.0,19,57.0
2024-04-01,EMEA,Online,Standard,5.0,11,55.0
2024-04-01,APAC,Offline,Standard,5.0,10,50.0
2024-04-01,EMEA,Online,Standard,2.0,22,44.0
2024-04-01,APAC,Online,Standard,5.0,8,40.0
2024-04-01,APAC,Online,Surveillance,5.0,5,25.0
2024-04-01,Americas,Offline,Pro,1.0,19,19.0
2024-04-01,APAC,Online,Surveillance,3.0,5,15.0
2024-04-01,EMEA,Online,Standard,4.0,3,12.0
2024-04-01,APAC,Offline,Pro,1.0,10,10.0
2024-04-01,Americas,Online,Trial,0.0027397260273973,3112,8.526027397260382
2024-04-01,EMEA,Online,Trial,0.4931506849315068,11,5.424657534246577
2024-04-01,EMEA,Offline,Pro,1.0,5,5.0
2024-04-01,Americas,Online,Standard,4.0,1,4.0
2024-04-01,Americas,Offline,Standard,3.0,1,3.0
2024-04-01,Americas,Online,Trial,0.4931506849315068,3,1.4794520547945205
2024-04-01,EMEA,Online,Trial,0.2465753424657534,3,0.7397260273972602
2024-04-01,Americas,Online,Trial,0.1643835616438356,1,0.1643835616438356
2024-03-01,EMEA,Offline,Standard,5.0,183,915.0
2024-03-01,APAC,Offline,Standard,1.0,879,879.0
2024-03-01,Americas,Online,Standard,1.0,855,855.0
2024-03-01,EMEA,Offline,Standard,3.0,222,666.0
2024-03-01,EMEA,Offline,Standard,1.0,459,459.0
2024-03-01,APAC,Offline,Standard,3.0,147,441.0
2024-03-01,Americas,Offline,Pro,5.0,80,400.0
2024-03-01,APAC,Online,Standard,1.0,334,334.0
2024-03-01,Americas,Online,Standard,3.0,68,204.0
2024-03-01,Americas,Online,Standard,5.0,37,185.0
2024-03-01,Americas,Online,Trial,0.4931506849315068,375,184.93150684931348
2024-03-01,APAC,Online,Trial,0.0821917808219178,1947,160.02739726027053
2024-03-01,EMEA,Online,Standard,1.0,142,142.0
2024-03-01,Americas,Online,Trial,0.0821917808219178,1470,120.82191780821685
2024-03-01,Americas,Offline,Pro,3.0,38,114.0
2024-03-01,Americas,Online,Standard,2.0,52,104.0
2024-03-01,EMEA,Online,Trial,0.0821917808219178,1170,96.16438356164221
2024-03-01,EMEA,Online,Standard,5.0,19,95.0
2024-03-01,APAC,Offline,Standard,5.0,9,45.0
2024-03-01,APAC,Online,Trial,1.0,33,33.0
2024-03-01,Americas,Offline,Standard,1.0,33,33.0
2024-03-01,EMEA,Online,Standard,2.0,13,26.0
2024-03-01,EMEA,Online,Standard,3.0,8,24.0
2024-03-01,Americas,Offline,Standard,3.0,7,21.0
2024-03-01,Americas,Online,Trial,1.0,20,20.0
2024-03-01,APAC,Online,Standard,2.0,6,12.0
2024-03-01,APAC,Online,Standard,3.0,3,9.0
2024-03-01,EMEA,Online,Trial,1.0,8,8.0
2024-03-01,APAC,Online,Standard,5.0,1,5.0
2024-03-01,Americas,Online,Trial,0.0027397260273973,1262,3.4575342465754377
2024-03-01,Americas,Online,Trial,0.2465753424657534,10,2.4657534246575348
2024-03-01,EMEA,Online,Trial,0.1643835616438356,15,2.4657534246575334
2024-03-01,APAC,Online,Trial,0.1643835616438356,2,0.3287671232876712
2024-03-01,Americas,Online,Trial,0.1232876712328767,1,0.1232876712328767
2024-02-01,APAC,Offline,Standard,5.0,5449,27245.0
2024-02-01,APAC,Offline,Standard,1.0,8594,8594.0
2024-02-01,APAC,Offline,Standard,3.0,406,1218.0
2024-02-01,EMEA,Offline,Standard,1.0,1159,1159.0
2024-02-01,Americas,Online,Standard,1.0,1105,1105.0
2024-02-01,EMEA,Offline,Standard,3.0,197,591.0
2024-02-01,EMEA,Offline,Standard,5.0,110,550.0
2024-02-01,Americas,Online,Standard,3.0,145,435.0
2024-02-01,Americas,Online,Standard,5.0,73,365.0
2024-02-01,APAC,Online,Standard,1.0,202,202.0
2024-02-01,APAC,Online,Trial,0.0821917808219178,1677,137.83561643835336
2024-02-01,EMEA,Online,Standard,1.0,124,124.0
2024-02-01,Americas,Online,Trial,0.0821917808219178,1360,111.78082191780615
2024-02-01,Americas,Online,Standard,2.0,52,104.0
2024-02-01,EMEA,Online,Trial,0.0821917808219178,1253,102.9863013698612
2024-02-01,Americas,Offline,Pro,1.0,81,81.0
2024-02-01,Americas,Offline,Standard,1.0,55,55.0
2024-02-01,EMEA,Online,Standard,5.0,6,30.0
2024-02-01,EMEA,Online,Standard,2.0,14,28.0
2024-02-01,APAC,Online,Trial,0.4931506849315068,33,16.27397260273973
2024-02-01,EMEA,Online,Standard,3.0,4,12.0
2024-02-01,APAC,Online,Trial,1.0,12,12.0
2024-02-01,EMEA,Online,Trial,1.0,10,10.0
2024-02-01,APAC,Online,Standard,5.0,2,10.0
2024-02-01,APAC,Online,Standard,3.0,3,9.0
2024-02-01,Americas,Offline,Standard,3.0,3,9.0
2024-02-01,APAC,Online,Standard,2.0,3,6.0
2024-02-01,Americas,Online,Trial,0.2465753424657534,10,2.4657534246575348
2024-02-01,Americas,Online,Trial,0.0027397260273973,657,1.8000000000000351
2024-02-01,APAC,Online,Trial,0.3287671232876712,5,1.643835616438356
2024-02-01,APAC,Online,Trial,0.273972602739726,1,0.273972602739726
2024-02-01,APAC,Online,Trial,0.0273972602739726,3,0.0821917808219178
2024-02-01,Americas,Online,Trial,0.0273972602739726,3,0.0821917808219178
2024-02-01,APAC,Online,Trial,0.0027397260273973,3,0.0082191780821919
2024-01-01,APAC,Online,Standard,1.0,6353,6353.0
2024-01-01,Americas,Online,Standard,1.0,806,806.0
2024-01-01,APAC,Online,Trial,5.0,130,650.0
2024-01-01,APAC,Online,Standard,3.0,140,420.0
2024-01-01,EMEA,Online,Standard,5.0,71,355.0
2024-01-01,Americas,Online,Pro,3.0,107,321.0
2024-01-01,Americas,Online,Standard,5.0,53,265.0
2024-01-01,EMEA,Online,Standard,3.0,81,243.0
2024-01-01,EMEA,Online,Standard,1.0,191,191.0
2024-01-01,EMEA,Online,Trial,0.0821917808219178,1663,136.68493150684654
2024-01-01,Americas,Online,Trial,0.0821917808219178,1570,129.0410958904084
2024-01-01,APAC,Online,Trial,0.0821917808219178,1567,128.79452054794265
2024-01-01,Americas,Online,Standard,3.0,41,123.0
2024-01-01,Americas,Online,Standard,2.0,34,68.0
2024-01-01,APAC,Online,Pro,5.0,11,55.0
2024-01-01,APAC,Online,Standard,5.0,9,45.0
2024-01-01,Americas,Online,Trial,0.4931506849315068,75,36.98630136986302
2024-01-01,EMEA,Offline,Standard,3.0,12,36.0
2024-01-01,EMEA,Online,Standard,2.0,15,30.0
2024-01-01,EMEA,Online,Pro,3.0,10,30.0
2024-01-01,Americas,Online,Trial,0.2465753424657534,101,24.904109589041102
2024-01-01,EMEA,Offline,Standard,1.0,22,22.0
2024-01-01,APAC,Online,Standard,2.0,7,14.0
2024-01-01,Americas,Online,Trial,1.0,10,10.0
2024-01-01,Americas,Online,Pro,1.0,8,8.0
2024-01-01,Americas,Online,Trial,0.3287671232876712,11,3.6164383561643834
2024-01-01,EMEA,Online,Trial,0.4931506849315068,5,2.4657534246575343
2024-01-01,Americas,Online,Trial,0.0027397260273973,839,2.2986301369863544
2023-12-01,APAC,Online,Standard,1.0,8107,8107.0
2023-12-01,EMEA,Online,Standard,3.0,262,786.0
2023-12-01,Americas,Online,Standard,1.0,718,718.0
2023-12-01,Americas,Online,Standard,5.0,116,580.0
2023-12-01,EMEA,Online,Standard,5.0,69,345.0
2023-12-01,Americas,Online,Standard,3.0,79,237.0
2023-12-01,APAC,Online,Standard,3.0,48,144.0
2023-12-01,EMEA,Online,Standard,1.0,139,139.0
2023-12-01,Americas,Online,Trial,0.0821917808219178,1285,105.61643835616249
2023-12-01,APAC,Online,Trial,0.0821917808219178,1268,104.21917808218993
2023-12-01,EMEA,Online,Trial,0.0821917808219178,1250,102.73972602739545
2023-12-01,EMEA,Online,Trial,1.0,70,70.0
2023-12-01,Americas,Online,Trial,0.4931506849315068,135,66.57534246575344
2023-12-01,Americas,Online,Standard,2.0,32,64.0
2023-12-01,EMEA,Offline,Standard,3.0,17,51.0
2023-12-01,APAC,Online,Standard,5.0,7,35.0
2023-12-01,APAC,Offline,Standard,5.0,5,25.0
2023-12-01,EMEA,Online,Standard,2.0,10,20.0
2023-12-01,EMEA,Offline,Standard,5.0,3,15.0
2023-12-01,APAC,Offline,Standard,3.0,5,15.0
2023-12-01,APAC,Online,Trial,1.0,13,13.0
2023-12-01,EMEA,Offline,Standard,1.0,12,12.0
2023-12-01,Americas,Online,Standard,4.0,3,12.0
2023-12-01,APAC,Online,Standard,2.0,5,10.0
2023-12-01,EMEA,Online,Pro,5.0,2,10.0
2023-12-01,Americas,Online,Trial,1.0,10,10.0
2023-12-01,Americas,Online,Trial,0.0027397260273973,510,1.3972602739726232
2023-12-01,APAC,Online,Trial,0.2465753424657534,5,1.2328767123287672
2023-12-01,Americas,Offline,Standard,1.0,1,1.0
2023-12-01,APAC,Online,Trial,0.1643835616438356,5,0.821917808219178
2023-12-01,Americas,Online,Trial,0.1232876712328767,6,0.7397260273972603
2023-12-01,Americas,Online,Trial,0.1643835616438356,2,0.3287671232876712
2023-11-01,APAC,Offline,Standard,1.0,18268,18268.0
2023-11-01,Americas,Online,Trial,1.0,6620,6620.0
2023-11-01,EMEA,Offline,Standard,1.0,1097,1097.0
2023-11-01,Americas,Online,Standard,1.0,1039,1039.0
2023-11-01,Americas,Online,Trial,0.9863013698630136,790,779.1780821917661
2023-11-01,Americas,Online,Standard,5.0,128,640.0
2023-11-01,EMEA,Offline,Standard,3.0,195,585.0
2023-11-01,APAC,Offline,Standard,3.0,142,426.0
2023-11-01,EMEA,Offline,Standard,5.0,67,335.0
2023-11-01,APAC,Online,Standard,1.0,298,298.0
2023-11-01,APAC,Online,Trial,0.0821917808219178,1580,129.86301369862755
2023-11-01,EMEA,Online,Trial,0.0821917808219178,1500,123.28767123287432
2023-11-01,Americas,Online,Trial,0.4931506849315068,235,115.89041095890414
2023-11-01,Americas,Online,Standard,3.0,37,111.0
2023-11-01,Americas,Online,Trial,0.0821917808219178,1297,106.60273972602548
2023-11-01,Americas,Online,Standard,2.0,51,102.0
2023-11-01,EMEA,Online,Standard,1.0,96,96.0
2023-11-01,APAC,Online,Standard,5.0,9,45.0
2023-11-01,APAC,Offline,Standard,5.0,6,30.0
2023-11-01,EMEA,Online,Standard,5.0,6,30.0
2023-11-01,EMEA,Online,Standard,3.0,10,30.0
2023-11-01,EMEA,Online,Trial,1.0,26,26.0
2023-11-01,Americas,Offline,Standard,5.0,5,25.0
2023-11-01,Americas,Offline,Standard,3.0,8,24.0
2023-11-01,APAC,Online,Standard,4.0,6,24.0
2023-11-01,APAC,Online,Trial,1.0,20,20.0
2023-11-01,APAC,Online,Trial,0.4931506849315068,30,14.79452054794521
2023-11-01,Americas,Online,Trial,0.2465753424657534,55,13.561643835616442
2023-11-01,Americas,Offline,Standard,1.0,10,10.0
2023-11-01,APAC,Online,Trial,0.2465753424657534,38,9.369863013698632
2023-11-01,EMEA,Online,Standard,2.0,3,6.0
2023-11-01,APAC,Online,Standard,2.0,2,4.0
2023-11-01,EMEA,Online,Trial,0.2465753424657534,15,3.6986301369863024
2023-11-01,Americas,Online,Trial,0.0027397260273973,1012,2.7726027397260977
2023-10-01,EMEA,Offline,Standard,3.0,1036,3108.0
2023-10-01,EMEA,Offline,Standard,5.0,322,1610.0
2023-10-01,APAC,Offline,Standard,3.0,362,1086.0
2023-10-01,Americas,Online,Standard,1.0,949,949.0
2023-10-01,Americas,Online,Standard,5.0,171,855.0
2023-10-01,APAC,Online,Standard,1.0,207,207.0
2023-10-01,EMEA,Offline,Standard,1.0,179,179.0
2023-10-01,Americas,Online,Trial,0.4931506849315068,360,177.5342465753411
2023-10-01,APAC,Online,Trial,0.0821917808219178,1753,144.08219178081893
2023-10-01,Americas,Online,Standard,3.0,39,117.0
2023-10-01,EMEA,Online,Trial,0.0821917808219178,1370,112.6027397260253
2023-10-01,Americas,Online,Trial,0.0821917808219178,1273,104.6301369862995
2023-10-01,EMEA,Online,Standard,1.0,103,103.0
2023-10-01,Americas,Online,Standard,2.0,38,76.0
2023-10-01,Americas,Offline,Standard,1.0,50,50.0
2023-10-01,Americas,Online,Standard,4.0,7,28.0
2023-10-01,APAC,Offline,Standard,1.0,28,28.0
2023-10-01,EMEA,Online,Trial,1.0,26,26.0
2023-10-01,APAC,Online,Trial,1.0,20,20.0
2023-10-01,EMEA,Online,Standard,5.0,4,20.0
2023-10-01,EMEA,Online,Standard,2.0,9,18.0
2023-10-01,APAC,Offline,Standard,5.0,2,10.0
2023-10-01,Americas,Online,Trial,0.9863013698630136,10,9.863013698630139
2023-10-01,Americas,Online,Trial,0.0027397260273973,3428,9.391780821917667
2023-10-01,Americas,Online,Trial,0.2465753424657534,30,7.397260273972605
2023-10-01,APAC,Online,Standard,5.0,1,5.0
2023-10-01,APAC,Online,Standard,2.0,2,4.0
2023-10-01,EMEA,Online,Trial,0.3287671232876712,10,3.287671232876712
2023-10-01,EMEA,Online,Standard,3.0,1,3.0
2023-10-01,APAC,Online,Trial,0.4931506849315068,3,1.4794520547945205
2023-09-01,APAC,Offline,Standard,5.0,8529,42645.0
2023-09-01,APAC,Offline,Standard,1.0,10125,10125.0
2023-09-01,EMEA,Offline,Standard,5.0,156,780.0
2023-09-01,EMEA,Offline,Standard,3.0,255,765.0
2023-09-01,Americas,Online,Standard,1.0,664,664.0
2023-09-01,Americas,Online,Standard,5.0,107,535.0
2023-09-01,Americas,Online,Standard,3.0,147,441.0
2023-09-01,APAC,Online,Standard,1.0,351,351.0
2023-09-01,APAC,Online,Trial,0.0821917808219178,1665,136.84931506849037
2023-09-01,Americas,Online,Trial,0.0821917808219178,1599,131.42465753424395
2023-09-01,EMEA,Online,Trial,0.0821917808219178,1330,109.31506849314869
2023-09-01,Americas,Online,Trial,0.4931506849315068,179,88.27397260273975
2023-09-01,EMEA,Online,Trial,1.0,80,80.0
2023-09-01,EMEA,Online,Standard,1.0,79,79.0
2023-09-01,Americas,Offline,Standard,1.0,64,64.0
2023-09-01,Americas,Online,Standard,2.0,30,60.0
2023-09-01,APAC,Offline,Standard,3.0,19,57.0
2023-09-01,EMEA,Offline,Standard,1.0,55,55.0
2023-09-01,EMEA,Online,Standard,5.0,8,40.0
2023-09-01,Americas,Online,Trial,0.9863013698630136,35,34.520547945205486
2023-09-01,EMEA,Online,Standard,3.0,11,33.0
2023-09-01,Americas,Online,Pro,1.0,30,30.0
2023-09-01,EMEA,Online,Standard,2.0,6,12.0
2023-09-01,APAC,Online,Standard,2.0,6,12.0
2023-09-01,Americas,Online,Trial,0.2465753424657534,45,11.095890410958907
2023-09-01,APAC,Online,Standard,5.0,2,10.0
2023-09-01,Americas,Offline,Standard,5.0,2,10.0
2023-09-01,Americas,Online,Trial,0.0027397260273973,1008,2.7616438356165083
2023-09-01,EMEA,Online,Trial,0.0849315068493151,11,0.9342465753424658
2023-09-01,Americas,Online,Trial,0.1643835616438356,1,0.1643835616438356
2023-08-01,EMEA,Offline,Standard,5.0,159,795.0
2023-08-01,Americas,Online,Standard,1.0,540,540.0
2023-08-01,EMEA,Offline,Standard,3.0,111,333.0
2023-08-01,EMEA,Offline,Standard,1.0,326,326.0
2023-08-01,Americas,Online,Standard,5.0,61,305.0
2023-08-01,Americas,Online,Standard,3.0,97,291.0
2023-08-01,APAC,Offline,Standard,5.0,52,260.0
2023-08-01,APAC,Online,Standard,1.0,208,208.0
2023-08-01,APAC,Offline,Standard,3.0,69,207.0
2023-08-01,APAC,Online,Trial,0.0821917808219178,1790,147.1232876712298
2023-08-01,Americas,Online,Trial,0.0821917808219178,1740,143.01369863013403
2023-08-01,APAC,Online,Trial,1.0,129,129.0
2023-08-01,EMEA,Online,Trial,0.0821917808219178,1170,96.16438356164221
2023-08-01,APAC,Offline,Standard,1.0,89,89.0
2023-08-01,EMEA,Online,Standard,1.0,73,73.0
2023-08-01,Americas,Online,Trial,0.5,140,70.0
2023-08-01,Americas,Online,Standard,2.0,34,68.0
2023-08-01,APAC,Online,Standard,2.0,30,60.0
2023-08-01,Americas,Online,Trial,0.4931506849315068,70,34.520547945205486
2023-08-01,Americas,Online,Trial,0.2465753424657534,80,19.726027397260278
2023-08-01,Americas,Offline,Standard,1.0,16,16.0
2023-08-01,EMEA,Online,Trial,1.0,11,11.0
2023-08-01,APAC,Online,Standard,3.0,3,9.0
2023-08-01,EMEA,Online,Standard,3.0,2,6.0
2023-08-01,Americas,Online,Trial,0.0027397260273973,2163,5.926027397260459
2023-08-01,EMEA,Online,Standard,5.0,1,5.0
2023-08-01,Americas,Online,Trial,0.25,17,4.25
2023-08-01,EMEA,Online,Standard,2.0,2,4.0
2023-08-01,Americas,Online,Trial,1.0,1,1.0
2023-07-01,APAC,Offline,Standard,5.0,5910,29550.0
2023-07-01,Americas,Online,Trial,5.0,320,1600.0
2023-07-01,APAC,Offline,Standard,1.0,1396,1396.0
2023-07-01,EMEA,Offline,Standard,5.0,183,915.0
2023-07-01,Americas,Online,Standard,1.0,505,505.0
2023-07-01,Americas,Online,Standard,5.0,57,285.0
2023-07-01,EMEA,Offline,Standard,3.0,87,261.0
2023-07-01,APAC,Online,Standard,1.0,177,177.0
2023-07-01,APAC,Online,Trial,0.0821917808219178,1731,142.2739726027368
2023-07-01,Americas,Online,Standard,3.0,45,135.0
2023-07-01,Americas,Online,Trial,0.0821917808219178,1470,120.82191780821685
2023-07-01,EMEA,Online,Standard,1.0,107,107.0
2023-07-01,EMEA,Online,Trial,0.0821917808219178,1270,104.38356164383376
2023-07-01,EMEA,Offline,Standard,1.0,84,84.0
2023-07-01,Americas,Online,Standard,2.0,33,66.0
2023-07-01,EMEA,Online,Standard,2.0,13,26.0
2023-07-01,Americas,Online,Trial,0.5,50,25.0
2023-07-01,APAC,Offline,Standard,3.0,7,21.0
2023-07-01,APAC,Online,Standard,5.0,4,20.0
2023-07-01,Americas,Online,Standard,4.0,4,16.0
2023-07-01,EMEA,Online,Standard,4.0,4,16.0
2023-07-01,APAC,Online,Trial,0.5,20,10.0
2023-07-01,APAC,Online,Standard,3.0,3,9.0
2023-07-01,Americas,Online,Trial,0.25,30,7.5
2023-07-01,APAC,Online,Trial,1.0,5,5.0
2023-07-01,EMEA,Online,Standard,5.0,1,5.0
2023-07-01,EMEA,Online,Standard,3.0,1,3.0
2023-07-01,APAC,Online,Trial,0.25,10,2.5
2023-07-01,Americas,Online,Trial,0.0027397260273973,908,2.4876712328767723
2023-07-01,Americas,Offline,Standard,1.0,1,1.0
2023-07-01,Americas,Online,Trial,0.1666666666666667,4,0.6666666666666669
2023-07-01,Americas,Online,Trial,0.0833333333333333,6,0.49999999999999983
2023-06-01,APAC,Offline,Standard,5.0,5009,25045.0
2023-06-01,Americas,Online,Standard,1.0,1165,1165.0
2023-06-01,Americas,Online,Trial,5.0,100,500.0
2023-06-01,EMEA,Offline,Standard,3.0,160,480.0
2023-06-01,Americas,Online,Pro,1.0,450,450.0
2023-06-01,APAC,Online,Trial,5.0,80,400.0
2023-06-01,Americas,Online,Standard,5.0,70,350.0
2023-06-01,APAC,Online,Trial,1.0,215,215.0
2023-06-01,APAC,Online,Standard,1.0,177,177.0
2023-06-01,Americas,Online,Standard,3.0,47,141.0
2023-06-01,Americas,Online,Trial,0.0821917808219178,1710,140.54794520547657
2023-06-01,APAC,Offline,Standard,1.0,140,140.0
2023-06-01,EMEA,Offline,Standard,5.0,27,135.0
2023-06-01,APAC,Online,Trial,0.0821917808219178,1580,129.86301369862755
2023-06-01,EMEA,Online,Standard,1.0,124,124.0
2023-06-01,EMEA,Online,Trial,0.0821917808219178,1490,122.46575342465516
2023-06-01,EMEA,Offline,Standard,1.0,68,68.0
2023-06-01,Americas,Online,Trial,1.0,67,67.0
2023-06-01,Americas,Online,Trial,0.5,90,45.0
2023-06-01,Americas,Online,Standard,4.0,10,40.0
2023-06-01,Americas,Offline,Standard,1.0,34,34.0
2023-06-01,Americas,Online,Standard,2.0,17,34.0
2023-06-01,Americas,Online,Trial,0.0833333333333333,374,31.166666666666494
2023-06-01,APAC,Online,Trial,0.0833333333333333,200,16.6666666666667
2023-06-01,APAC,Online,Pro,1.0,15,15.0
2023-06-01,APAC,Online,Standard,3.0,3,9.0
2023-06-01,EMEA,Online,Standard,3.0,3,9.0
2023-06-01,APAC,Online,Trial,0.1666666666666667,50,8.333333333333337
2023-06-01,EMEA,Online,Standard,2.0,3,6.0
2023-06-01,APAC,Online,Standard,5.0,1,5.0
2023-06-01,Americas,Online,Trial,0.0027397260273973,1703,4.665753424657673
2023-06-01,APAC,Online,Standard,4.0,1,4.0
2023-06-01,Americas,Online,Trial,0.25,3,0.75
2023-06-01,Americas,Online,Trial,0.1666666666666667,2,0.3333333333333334
2023-06-01,APAC,Online,Trial,0.0027397260273973,10,0.027397260273973007
2023-05-01,EMEA,Offline,Standard,5.0,270,1350.0
2023-05-01,Americas,Online,Standard,1.0,559,559.0
2023-05-01,Americas,Online,Standard,5.0,71,355.0
2023-05-01,APAC,Offline,Standard,3.0,116,348.0
2023-05-01,EMEA,Offline,Standard,1.0,174,174.0
2023-05-01,EMEA,Offline,Standard,3.0,54,162.0
2023-05-01,Americas,Online,Trial,0.0821917808219178,1910,156.98630136985966
2023-05-01,APAC,Online,Standard,1.0,147,147.0
2023-05-01,EMEA,Online,Trial,0.0821917808219178,1712,140.7123287671204
2023-05-01,APAC,Online,Trial,0.0821917808219178,1702,139.89041095890124
2023-05-01,Americas,Online,Standard,2.0,31,62.0
2023-05-01,Americas,Online,Standard,3.0,18,54.0
2023-05-01,Americas,Online,Trial,0.5,80,40.0
2023-05-01,APAC,Offline,Standard,1.0,39,39.0
2023-05-01,APAC,Offline,Standard,5.0,6,30.0
2023-05-01,EMEA,Online,Standard,1.0,25,25.0
2023-05-01,EMEA,Online,Standard,3.0,8,24.0
2023-05-01,Americas,Online,Standard,4.0,4,16.0
2023-05-01,APAC,Online,Standard,5.0,2,10.0
2023-05-01,APAC,Online,Standard,3.0,3,9.0
2023-05-01,APAC,Online,Standard,2.0,4,8.0
2023-05-01,APAC,Online,Trial,1.0,5,5.0
2023-05-01,EMEA,Online,Trial,0.25,12,3.0
2023-04-01,APAC,Offline,Standard,5.0,3138,15690.0
2023-04-01,EMEA,Offline,Standard,1.0,1121,1121.0
2023-04-01,Americas,Offline,Standard,3.0,366,1098.0
2023-04-01,Americas,Online,Standard,3.0,173,519.0
2023-04-01,EMEA,Offline,Standard,3.0,164,492.0
2023-04-01,Americas,Online,Standard,1.0,475,475.0
2023-04-01,APAC,Offline,Standard,1.0,157,157.0
2023-04-01,Americas,Online,Trial,0.0821917808219178,1910,156.98630136985966
2023-04-01,Americas,Online,Standard,5.0,31,155.0
2023-04-01,EMEA,Online,Trial,0.0821917808219178,1820,149.58904109588727
2023-04-01,Americas,Online,Standard,2.0,65,130.0
2023-04-01,APAC,Online,Trial,0.0821917808219178,1461,120.08219178081961
2023-04-01,EMEA,Offline,Standard,5.0,20,100.0
2023-04-01,APAC,Online,Standard,1.0,81,81.0
2023-04-01,EMEA,Online,Standard,1.0,39,39.0
2023-04-01,Americas,Online,Standard,4.0,6,24.0
2023-04-01,EMEA,Online,Standard,5.0,4,20.0
2023-04-01,APAC,Online,Standard,2.0,8,16.0
2023-04-01,EMEA,Online,Standard,2.0,8,16.0
2023-04-01,EMEA,Online,Standard,3.0,3,9.0
2023-04-01,APAC,Online,Standard,5.0,1,5.0
2023-04-01,APAC,Offline,Standard,3.0,1,3.0
2023-04-01,Americas,Online,Trial,0.1666666666666667,8,1.3333333333333337
2023-04-01,Americas,Offline,Standard,1.0,1,1.0
2023-04-01,Americas,Online,Trial,0.2465753424657534,1,0.2465753424657534
2023-03-01,Americas,Online,Standard,1.0,981,981.0
2023-03-01,EMEA,Offline,Standard,1.0,879,879.0
2023-03-01,APAC,Online,Standard,1.0,663,663.0
2023-03-01,Americas,Online,Standard,5.0,65,325.0
2023-03-01,Americas,Online,Standard,3.0,63,189.0
2023-03-01,Americas,Online,Trial,0.0821917808219178,2220,182.46575342465346
2023-03-01,EMEA,Online,Trial,0.0821917808219178,2070,170.13698630136614
2023-03-01,APAC,Online,Trial,0.0821917808219178,1720,141.36986301369572
2023-03-01,EMEA,Online,Standard,1.0,83,83.0
2023-03-01,APAC,Offline,Standard,5.0,16,80.0
2023-03-01,APAC,Offline,Standard,1.0,58,58.0
2023-03-01,EMEA,Offline,Standard,3.0,12,36.0
2023-03-01,Americas,Online,Standard,2.0,16,32.0
2023-03-01,EMEA,Offline,Standard,5.0,5,25.0
2023-03-01,Americas,Online,Trial,0.5,30,15.0
2023-03-01,Americas,Online,Trial,0.25,32,8.0
2023-03-01,APAC,Online,Standard,3.0,2,6.0
2023-03-01,APAC,Online,Standard,5.0,1,5.0
2023-03-01,APAC,Online,Trial,1.0,5,5.0
2023-03-01,APAC,Online,Standard,2.0,1,2.0
2023-02-01,Americas,Online,Standard,1.0,494,494.0
2023-02-01,APAC,Online,Standard,1.0,464,464.0
2023-02-01,Americas,Online,Standard,5.0,33,165.0
2023-02-01,EMEA,Online,Trial,0.0821917808219178,1890,155.34246575342135
2023-02-01,Americas,Online,Trial,0.0821917808219178,1710,140.54794520547657
2023-02-01,APAC,Online,Trial,0.0821917808219178,1640,134.79452054794248
2023-02-01,EMEA,Online,Standard,3.0,38,114.0
2023-02-01,EMEA,Online,Standard,1.0,64,64.0
2023-02-01,Americas,Online,Standard,3.0,20,60.0
2023-02-01,Americas,Online,Standard,2.0,22,44.0
2023-02-01,APAC,Online,Trial,0.25,100,25.0
2023-02-01,Americas,Online,Trial,0.5,30,15.0
2023-02-01,Americas,Online,Trial,0.25,50,12.5
2023-02-01,APAC,Offline,Standard,5.0,1,5.0
2023-02-01,APAC,Offline,Standard,3.0,1,3.0
2023-02-01,EMEA,Online,Standard,2.0,1,2.0
2023-02-01,APAC,Offline,Standard,1.0,1,1.0
2023-02-01,EMEA,Online,Trial,0.0833333333333333,10,0.8333333333333329
2023-02-01,APAC,Online,Trial,0.0833333333333333,10,0.8333333333333329
2023-01-01,APAC,Online,Standard,5.0,9318,46590.0
2023-01-01,Americas,Online,Standard,1.0,370,370.0
2023-01-01,Americas,Online,Standard,5.0,60,300.0
2023-01-01,EMEA,Online,Standard,1.0,273,273.0
2023-01-01,Americas,Online,Trial,0.0821917808219178,2100,172.6027397260236
2023-01-01,EMEA,Online,Standard,5.0,33,165.0
2023-01-01,EMEA,Online,Trial,0.0821917808219178,1960,161.09589041095543
2023-01-01,APAC,Online,Trial,0.0821917808219178,1670,137.26027397259995
2023-01-01,Americas,Online,Standard,3.0,37,111.0
2023-01-01,EMEA,Online,Standard,3.0,32,96.0
2023-01-01,Americas,Online,Standard,2.0,20,40.0
2023-01-01,APAC,Online,Standard,1.0,13,13.0
2023-01-01,APAC,Online,Standard,3.0,4,12.0
2023-01-01,Americas,Online,Trial,0.1666666666666667,10,1.6666666666666672
2023-01-01,APAC,Online,Trial,0.0833333333333333,13,1.0833333333333328
2022-12-01,APAC,Online,Standard,5.0,2182,10910.0
2022-12-01,Americas,Online,Standard,1.0,307,307.0
2022-12-01,Americas,Online,Standard,5.0,43,215.0
2022-12-01,EMEA,Online,Trial,0.0821917808219178,2160,177.53424657533853
2022-12-01,Americas,Online,Trial,0.0821917808219178,1980,162.73972602739374
2022-12-01,APAC,Online,Trial,0.0821917808219178,1890,155.34246575342135
2022-12-01,APAC,Online,Standard,1.0,144,144.0
2022-12-01,EMEA,Online,Standard,5.0,25,125.0
2022-12-01,Americas,Online,Trial,0.5,180,90.0
2022-12-01,EMEA,Online,Standard,1.0,75,75.0
2022-12-01,Americas,Online,Standard,2.0,29,58.0
2022-12-01,Americas,Online,Trial,0.2465753424657534,154,37.972602739726035
2022-12-01,EMEA,Online,Standard,3.0,8,24.0
2022-12-01,APAC,Online,Standard,3.0,3,9.0
2022-12-01,EMEA,Online,Standard,2.0,4,8.0
2022-12-01,Americas,Online,Standard,3.0,2,6.0
2022-12-01,APAC,Online,Trial,0.0833333333333333,23,1.9166666666666654
2022-11-01,EMEA,Online,Standard,3.0,468,1404.0
2022-11-01,EMEA,Online,Standard,1.0,530,530.0
2022-11-01,Americas,Online,Standard,3.0,154,462.0
2022-11-01,Americas,Online,Standard,1.0,421,421.0
2022-11-01,APAC,Online,Standard,5.0,69,345.0
2022-11-01,Americas,Online,Standard,5.0,43,215.0
2022-11-01,EMEA,Online,Trial,0.0821917808219178,2390,196.4383561643791
2022-11-01,Americas,Online,Trial,0.0821917808219178,2010,165.2054794520512
2022-11-01,APAC,Online,Trial,0.0821917808219178,1720,141.36986301369572
2022-11-01,APAC,Online,Standard,1.0,114,114.0
2022-11-01,EMEA,Online,Standard,5.0,20,100.0
2022-11-01,Americas,Online,Standard,2.0,10,20.0
2022-11-01,EMEA,Online,Standard,2.0,10,20.0
2022-11-01,APAC,Online,Trial,1.0,10,10.0
2022-11-01,APAC,Online,Standard,3.0,3,9.0
2022-11-01,Americas,Online,Standard,4.0,1,4.0
2022-11-01,EMEA,Online,Trial,0.0833333333333333,10,0.8333333333333329
2022-10-01,Americas,Online,Standard,1.0,545,545.0
2022-10-01,EMEA,Online,Standard,3.0,160,480.0
2022-10-01,Americas,Online,Standard,5.0,85,425.0
2022-10-01,Americas,Online,Trial,0.0821917808219178,2310,189.86301369862585
2022-10-01,EMEA,Online,Trial,0.0821917808219178,2160,177.53424657533853
2022-10-01,EMEA,Online,Standard,5.0,31,155.0
2022-10-01,APAC,Online,Trial,0.0821917808219178,1700,139.7260273972574
2022-10-01,APAC,Online,Standard,5.0,25,125.0
2022-10-01,Americas,Online,Trial,1.0,97,97.0
2022-10-01,APAC,Online,Standard,1.0,76,76.0
2022-10-01,APAC,Online,Standard,3.0,23,69.0
2022-10-01,Americas,Online,Standard,3.0,10,30.0
2022-10-01,Americas,Online,Standard,2.0,8,16.0
2022-10-01,Americas,Online,Trial,0.25,42,10.5
2022-10-01,APAC,Online,Trial,0.0833333333333333,20,1.6666666666666656
2022-10-01,Americas,Online,Trial,0.0833333333333333,10,0.8333333333333329
2022-10-01,EMEA,Online,Trial,0.0833333333333333,1,0.0833333333333333
2022-09-01,APAC,Online,Standard,1.0,10013,10013.0
2022-09-01,Americas,Online,Standard,5.0,109,545.0
2022-09-01,Americas,Online,Standard,1.0,361,361.0
2022-09-01,Americas,Online,Standard,3.0,76,228.0
2022-09-01,EMEA,Online,Trial,0.0821917808219178,2160,177.53424657533853
2022-09-01,Americas,Online,Trial,0.0821917808219178,2090,171.78082191780445
2022-09-01,APAC,Online,Trial,0.0821917808219178,1780,146.30136986301065
2022-09-01,Americas,Online,Standard,2.0,14,28.0
2022-09-01,Americas,Online,Trial,0.25,100,25.0
2022-09-01,Americas,Online,Standard,4.0,4,16.0
2022-09-01,EMEA,Online,Standard,5.0,3,15.0
2022-09-01,EMEA,Online,Trial,1.0,10,10.0
2022-09-01,Americas,Online,Trial,1.0,10,10.0
2022-09-01,APAC,Online,Trial,1.0,10,10.0
2022-09-01,Americas,Online,Trial,0.0833333333333333,40,3.3333333333333344
2022-09-01,APAC,Online,Trial,0.0833333333333333,10,0.8333333333333329
2022-09-01,EMEA,Online,Trial,0.0833333333333333,5,0.4166666666666665
2022-08-01,APAC,Online,Standard,3.0,125,375.0
2022-08-01,Americas,Online,Standard,1.0,374,374.0
2022-08-01,Americas,Online,Trial,0.0821917808219178,2531,208.02739726026917
2022-08-01,EMEA,Online,Trial,0.0821917808219178,2350,193.15068493150247
2022-08-01,APAC,Online,Standard,1.0,167,167.0
2022-08-01,APAC,Online,Trial,0.0821917808219178,1720,141.36986301369572
2022-08-01,Americas,Online,Standard,5.0,22,110.0
2022-08-01,EMEA,Online,Trial,1.0,40,40.0
2022-08-01,APAC,Online,Trial,3.0,10,30.0
2022-08-01,Americas,Online,Trial,0.0833333333333333,183,15.250000000000039
2022-08-01,Americas,Online,Standard,2.0,5,10.0
2022-08-01,EMEA,Online,Standard,5.0,2,10.0
2022-08-01,Americas,Online,Standard,3.0,2,6.0
2022-08-01,APAC,Online,Trial,1.0,5,5.0
2022-08-01,APAC,Online,Trial,0.0191780821917808,240,4.602739726027374
2022-08-01,EMEA,Online,Standard,1.0,3,3.0
2022-08-01,Americas,Online,Trial,0.1666666666666667,10,1.6666666666666672
2022-08-01,APAC,Online,Trial,0.0833333333333333,18,1.4999999999999991
2022-08-01,EMEA,Online,Trial,0.0833333333333333,5,0.4166666666666665
2022-07-01,APAC,Online,Trial,0.0833333333333333,30111,2509.2500000000937
2022-07-01,EMEA,Online,Standard,3.0,250,750.0
2022-07-01,APAC,Online,Trial,0.0547945205479452,3135,171.78082191780385
2022-07-01,EMEA,Online,Trial,0.0821917808219178,1830,150.41095890410642
2022-07-01,Americas,Online,Trial,0.0821917808219178,1770,145.4794520547915
2022-07-01,APAC,Online,Trial,0.0821917808219178,1420,116.71232876712108
2022-07-01,Americas,Online,Trial,0.25,100,25.0
2022-07-01,Americas,Online,Standard,1.0,17,17.0
2022-07-01,EMEA,Online,Trial,0.0833333333333333,21,1.749999999999999
2022-07-01,EMEA,Online,Trial,0.1666666666666667,5,0.8333333333333336
2022-07-01,Americas,Online,Trial,0.0833333333333333,1,0.0833333333333333
2022-06-01,APAC,Online,Trial,0.0833333333333333,8102,675.1666666666943
2022-06-01,EMEA,Online,Standard,3.0,50,150.0
2022-06-01,Americas,Online,Trial,0.25,290,72.5
2022-06-01,Americas,Online,Trial,1.0,22,22.0
2022-06-01,EMEA,Online,Trial,0.0821917808219178,260,21.369863013698666
2022-06-01,Americas,Online,Trial,0.0821917808219178,250,20.547945205479476
2022-06-01,APAC,Online,Trial,0.0821917808219178,150,12.328767123287653
2022-06-01,APAC,Online,Trial,0.25,20,5.0
2022-06-01,EMEA,Online,Trial,0.0833333333333333,60,4.999999999999998
2022-06-01,EMEA,Online,Trial,0.1666666666666667,20,3.3333333333333326
2022-05-01,APAC,Online,Trial,1.0,90,90.0
2022-05-01,Americas,Online,Standard,5.0,12,60.0
2022-05-01,Americas,Online,Trial,0.25,210,52.5
2022-05-01,APAC,Online,Trial,0.25,120,30.0
2022-05-01,Americas,Online,Trial,0.0821917808219178,260,21.369863013698666
2022-05-01,EMEA,Online,Trial,0.0821917808219178,230,18.904109589041095
2022-05-01,APAC,Online,Trial,0.0821917808219178,180,14.79452054794517
2022-05-01,EMEA,Online,Standard,1.0,8,8.0
2022-05-01,Americas,Online,Standard,1.0,7,7.0
2022-05-01,APAC,Online,Trial,0.0833333333333333,70,5.833333333333329
2022-05-01,APAC,Online,Standard,1.0,2,2.0
2022-05-01,Americas,Online,Trial,0.1666666666666667,10,1.6666666666666672
2022-05-01,EMEA,Online,Trial,0.0833333333333333,10,0.8333333333333329
2022-04-01,APAC,Online,Trial,0.25,1120,280.0
2022-04-01,Americas,Online,Trial,0.25,260,65.0
2022-04-01,EMEA,Online,Trial,0.0821917808219178,280,23.013698630137046
2022-04-01,APAC,Online,Trial,1.0,20,20.0
2022-04-01,Americas,Online,Trial,0.0821917808219178,230,18.904109589041095
2022-04-01,APAC,Online,Trial,0.0821917808219178,180,14.79452054794517
2022-04-01,Americas,Online,Standard,1.0,12,12.0
2022-04-01,EMEA,Online,Trial,1.0,10,10.0
2022-04-01,Americas,Online,Standard,2.0,4,8.0
2022-04-01,EMEA,Online,Standard,1.0,7,7.0
2022-04-01,APAC,Online,Standard,1.0,3,3.0
2022-04-01,EMEA,Online,Trial,0.25,10,2.5
2022-03-01,APAC,Online,Trial,0.25,1151,287.75
2022-03-01,Americas,Online,Trial,0.25,100,25.0
2022-03-01,Americas,Online,Trial,0.0821917808219178,280,23.013698630137046
2022-03-01,EMEA,Online,Trial,0.0821917808219178,251,20.630136986301395
2022-03-01,EMEA,Online,Trial,1.0,20,20.0
2022-03-01,Americas,Online,Trial,1.0,10,10.0
2022-03-01,Americas,Online,Trial,0.5,20,10.0
2022-03-01,APAC,Online,Trial,1.0,10,10.0
2022-03-01,APAC,Online,Trial,0.0821917808219178,110,9.041095890410963
2022-02-01,EMEA,Online,Trial,1.0,270,270.0
2022-02-01,APAC,Online,Trial,1.0,220,220.0
2022-02-01,Americas,Online,Trial,0.25,506,126.5
2022-02-01,Americas,Online,Trial,1.0,40,40.0
2022-02-01,Americas,Online,Trial,0.0821917808219178,310,25.479452054794617
2022-02-01,EMEA,Online,Trial,0.0821917808219178,180,14.79452054794517
2022-02-01,APAC,Online,Trial,0.0821917808219178,140,11.50684931506848
2022-01-01,APAC,Online,Trial,0.5,2000,1000.0
2022-01-01,APAC,Online,Trial,1.0,270,270.0
2022-01-01,EMEA,Online,Trial,1.0,190,190.0
2022-01-01,Americas,Online,Trial,1.0,120,120.0
2022-01-01,Americas,Online,Trial,0.0821917808219178,240,19.726027397260285
2022-01-01,Americas,Online,Trial,0.25,59,14.75
2022-01-01,EMEA,Online,Trial,0.0821917808219178,160,13.150684931506825
2022-01-01,APAC,Online,Trial,0.0821917808219178,120,9.863013698630136
2022-01-01,EMEA,Online,Standard,5.0,1,5.0
2022-01-01,Americas,Online,Standard,1.0,5,5.0
2022-01-01,Americas,Online,Standard,3.0,1,3.0
2022-01-01,EMEA,Online,Standard,1.0,2,2.0
2021-12-01,APAC,Online,Trial,0.25,1000,250.0
2021-12-01,APAC,Online,Trial,0.0833333333333333,2000,166.66666666666814
2021-12-01,EMEA,Online,Trial,0.25,300,75.0
2021-12-01,EMEA,Online,Standard,4.0,1,4.0
2021-12-01,APAC,Online,Standard,3.0,1,3.0
2021-12-01,APAC,Online,Standard,1.0,3,3.0
2021-11-01,APAC,Online,Trial,0.25,1010,252.5
2021-10-01,APAC,Online,Trial,0.25,515,128.75
2021-10-01,EMEA,Online,Trial,0.25,10,2.5
2021-10-01,Americas,Online,Trial,0.25,5,1.25
2021-09-01,EMEA,Online,Trial,0.1666666666666667,60,9.999999999999998
2021-09-01,Americas,Online,Trial,0.25,30,7.5
2021-09-01,APAC,Online,Trial,0.25,20,5.0
2021-09-01,Americas,Online,Standard,1.0,2,2.0
2021-08-01,Americas,Online,Standard,1.0,4,4.0
2021-08-01,Americas,Online,Standard,2.0,1,2.0
2021-08-01,Americas,Online,Trial,0.1666666666666667,10,1.6666666666666672
2021-07-01,APAC,Online,Standard,1.0,1300,1300.0
2021-07-01,Americas,Online,Standard,2.0,2,4.0
2021-07-01,EMEA,Online,Standard,1.0,3,3.0
2021-07-01,APAC,Online,Trial,0.25,10,2.5
2021-06-01,EMEA,Online,Trial,0.1666666666666667,40,6.66666666666667
2021-06-01,APAC,Online,Standard,1.0,1,1.0
2021-06-01,Americas,Online,Standard,1.0,1,1.0
2021-05-01,EMEA,Online,Trial,0.25,85,21.25
2021-05-01,APAC,Online,Standard,1.0,20,20.0
2021-05-01,Americas,Online,Standard,2.0,7,14.0
2021-05-01,Americas,Online,Trial,0.25,25,6.25
2021-05-01,Americas,Online,Standard,1.0,4,4.0
2021-05-01,APAC,Online,Trial,0.25,10,2.5
2021-04-01,APAC,Online,Standard,1.0,80,80.0
2021-04-01,Americas,Online,Trial,0.1666666666666667,100,16.666666666666647
2021-04-01,EMEA,Online,Trial,0.1666666666666667,20,3.3333333333333326
2021-04-01,Americas,Online,Standard,1.0,1,1.0
2021-03-01,APAC,Online,Standard,1.0,755,755.0
2021-03-01,EMEA,Online,Standard,1.0,371,371.0
2021-03-01,Americas,Online,Standard,1.0,350,350.0
2021-03-01,EMEA,Online,Trial,0.1666666666666667,120,20.000000000000004
2021-03-01,APAC,Online,Trial,0.1666666666666667,75,12.49999999999999
2021-03-01,Americas,Online,Trial,0.1666666666666667,25,4.166666666666665
2021-03-01,APAC,Online,Standard,2.0,1,2.0
