month,region,purchase_type,license_year,license_count,license_year_count
2026-01-01,us-east-1,Commercial_Advanced,1,667,667
2026-01-01,eu-west-1,Commercial_Advanced,5,479,2395
2026-01-01,eu-west-1,Commercial_Advanced,1,376,376
2026-01-01,ap-southeast-1,Commercial_Advanced,5,320,1600
2026-01-01,ap-southeast-1,Commercial_Advanced,1,161,161
2026-01-01,us-east-1,Commercial_CBC_Pro,5,66,330
2026-01-01,ap-southeast-1,Commercial_CBC_Pro,3,51,153
2026-01-01,us-east-1,Internal_Promotion,1,46,46
2026-01-01,us-east-1,Commercial_Advanced,2,39,78
2026-01-01,ap-southeast-1,Internal_Promotion,1,30,30
2026-01-01,us-east-1,Commercial_Advanced,3,26,78
2026-01-01,eu-west-1,Commercial_Advanced,3,23,69
2026-01-01,eu-west-1,Commercial_Advanced,2,18,36
2026-01-01,us-east-1,Commercial_Advanced,5,17,85
2026-01-01,ap-southeast-1,Commercial_Advanced,2,16,32
2026-01-01,eu-west-1,Surveillance_IPC,1,13,13
2026-01-01,ap-southeast-1,Commercial_Advanced,3,9,27
2026-01-01,ap-southeast-1,Surveillance_IPC,5,5,25
2026-01-01,ap-southeast-1,Surveillance_IPC,1,4,4
2026-01-01,ap-southeast-1,Commercial_CBC_Pro,5,3,15
2026-01-01,eu-west-1,Commercial_Advanced,4,1,4
2026-01-01,us-east-1,Surveillance_IPC,1,1,1
2025-12-01,us-east-1,Commercial_Advanced,1,3461,3461
2025-12-01,eu-west-1,Commercial_Advanced,1,627,627
2025-12-01,eu-west-1,Commercial_Advanced,5,478,2390
2025-12-01,eu-west-1,Commercial_Advanced,3,424,1272
2025-12-01,ap-southeast-1,Commercial_Advanced,1,411,411
2025-12-01,us-east-1,Commercial_Advanced,5,277,1385
2025-12-01,us-east-1,Commercial_Advanced,3,133,399
2025-12-01,ap-southeast-1,Commercial_Advanced,3,115,345
2025-12-01,ap-southeast-1,Commercial_Advanced,5,97,485
2025-12-01,us-east-1,Commercial_Advanced,2,40,80
2025-12-01,eu-west-1,Surveillance_IPC,1,29,29
2025-12-01,ap-southeast-1,Surveillance_IPC,1,29,29
2025-12-01,ap-southeast-1,Commercial_Advanced,2,24,48
2025-12-01,ap-southeast-1,Commercial_CBC_Pro,3,20,60
2025-12-01,us-east-1,Commercial_CBC_Pro,1,10,10
2025-12-01,ap-southeast-1,Internal_Promotion,1,8,8
2025-12-01,us-east-1,Commercial_CBC_Pro,5,7,35
2025-12-01,eu-west-1,Commercial_Advanced,2,6,12
2025-12-01,eu-west-1,Surveillance_IPC,5,6,30
2025-12-01,ap-southeast-1,Surveillance_IPC,5,5,25
2025-12-01,us-east-1,Commercial_CBC_Pro,3,2,6
2025-12-01,us-east-1,Commercial_Advanced,4,1,4
2025-11-01,ap-southeast-1,Commercial_Advanced,5,10743,53715
2025-11-01,us-east-1,Commercial_Advanced,1,2763,2763
2025-11-01,eu-west-1,Commercial_Advanced,1,1459,1459
2025-11-01,ap-southeast-1,Commercial_Advanced,3,884,2652
2025-11-01,eu-west-1,Commercial_Advanced,5,791,3955
2025-11-01,ap-southeast-1,Commercial_Advanced,1,526,526
2025-11-01,us-east-1,Commercial_Advanced,5,505,2525
2025-11-01,eu-west-1,Commercial_Advanced,3,312,936
2025-11-01,us-east-1,Commercial_Advanced,3,129,387
2025-11-01,us-east-1,Commercial_Advanced,2,70,140
2025-11-01,ap-southeast-1,Internal_Promotion,1,60,60
2025-11-01,us-east-1,Commercial_CBC_Pro,3,34,102
2025-11-01,eu-west-1,Commercial_Advanced,2,14,28
2025-11-01,ap-southeast-1,Surveillance_IPC,1,8,8
2025-11-01,ap-southeast-1,Surveillance_IPC,5,5,25
2025-11-01,ap-southeast-1,Commercial_Advanced,2,4,8
2025-11-01,eu-west-1,Surveillance_IPC,1,3,3
2025-11-01,us-east-1,Surveillance_IPC,1,2,2
2025-11-01,ap-southeast-1,Commercial_CBC_Pro,5,1,5
2025-11-01,us-east-1,Surveillance_IPC,3,1,3
2025-11-01,us-east-1,Commercial_Advanced,4,1,4
2025-10-01,ap-southeast-1,Commercial_Advanced,1,10173,10173
2025-10-01,us-east-1,Commercial_Advanced,3,4486,13458
2025-10-01,us-east-1,Commercial_Advanced,1,1859,1859
2025-10-01,ap-southeast-1,Commercial_Advanced,5,1226,6130
2025-10-01,eu-west-1,Commercial_Advanced,1,478,478
2025-10-01,eu-west-1,Commercial_Advanced,3,468,1404
2025-10-01,eu-west-1,Commercial_Advanced,5,423,2115
2025-10-01,ap-southeast-1,Trial,9,380,3420
2025-10-01,ap-southeast-1,Commercial_Advanced,3,351,1053
2025-10-01,eu-west-1,Trial,9,285,2565
2025-10-01,ap-southeast-1,Trial,1,200,200
2025-10-01,us-east-1,Commercial_Advanced,5,194,970
2025-10-01,us-east-1,Trial,9,190,1710
2025-10-01,us-east-1,Commercial_CBC_Pro,5,175,875
2025-10-01,us-east-1,Commercial_CBC_Pro,1,143,143
2025-10-01,us-east-1,Commercial_Advanced,2,69,138
2025-10-01,ap-southeast-1,Commercial_CBC_Pro,3,53,159
2025-10-01,eu-west-1,Commercial_Advanced,2,33,66
2025-10-01,ap-southeast-1,Commercial_Advanced,2,17,34
2025-10-01,eu-west-1,Surveillance_IPC,1,14,14
2025-10-01,ap-southeast-1,Surveillance_IPC,1,7,7
2025-10-01,ap-southeast-1,Internal_Promotion,1,4,4
2025-10-01,eu-west-1,Surveillance_IPC,5,3,15
2025-10-01,us-east-1,Surveillance_IPC,5,3,15
2025-10-01,us-east-1,Surveillance_IPC,1,2,2
2025-10-01,us-east-1,Commercial_Advanced,4,1,4
2025-09-01,ap-southeast-1,Commercial_Advanced,1,12998,12998
2025-09-01,us-east-1,Commercial_Advanced,1,7730,7730
2025-09-01,ap-southeast-1,Commercial_Advanced,5,1207,6035
2025-09-01,eu-west-1,Commercial_Advanced,5,732,3660
2025-09-01,eu-west-1,Commercial_Advanced,3,579,1737
2025-09-01,ap-southeast-1,Commercial_Advanced,3,489,1467
2025-09-01,eu-west-1,Commercial_Advanced,1,441,441
2025-09-01,us-east-1,Commercial_CBC_Pro,5,405,2025
2025-09-01,us-east-1,Commercial_Advanced,3,277,831
2025-09-01,us-east-1,Commercial_Advanced,5,107,535
2025-09-01,ap-southeast-1,Commercial_CBC_Pro,1,105,105
2025-09-01,us-east-1,Commercial_CBC_Pro,1,66,66
2025-09-01,eu-west-1,Commercial_Advanced,2,56,112
2025-09-01,us-east-1,Commercial_Advanced,2,54,108
2025-09-01,eu-west-1,Surveillance_IPC,5,50,250
2025-09-01,eu-west-1,Commercial_CBC_Pro,1,50,50
2025-09-01,ap-southeast-1,Commercial_Advanced,2,7,14
2025-09-01,ap-southeast-1,Surveillance_IPC,1,5,5
2025-09-01,us-east-1,Surveillance_IPC,5,5,25
2025-09-01,us-east-1,Commercial_CBC_Pro,3,5,15
2025-09-01,us-east-1,Commercial_Advanced,4,3,12
2025-09-01,us-east-1,Surveillance_IPC,1,3,3
2025-09-01,ap-southeast-1,Commercial_CBC_Pro,5,2,10
2025-09-01,eu-west-1,Commercial_CBC_Pro,5,2,10
2025-09-01,eu-west-1,Commercial_Advanced,4,2,8
2025-09-01,eu-west-1,Surveillance_IPC,1,2,2
2025-09-01,ap-southeast-1,Commercial_Advanced,4,1,4
2025-08-01,us-east-1,Commercial_Advanced,1,7056,7056
2025-08-01,ap-southeast-1,Commercial_Advanced,1,973,973
2025-08-01,eu-west-1,Commercial_Advanced,5,446,2230
2025-08-01,eu-west-1,Commercial_Advanced,1,380,380
2025-08-01,eu-west-1,Commercial_Advanced,3,236,708
2025-08-01,us-east-1,Commercial_Advanced,5,105,525
2025-08-01,eu-west-1,Surveillance_IPC,1,57,57
2025-08-01,us-east-1,Commercial_Advanced,3,56,168
2025-08-01,ap-southeast-1,Commercial_Advanced,5,54,270
2025-08-01,ap-southeast-1,Commercial_Advanced,2,45,90
2025-08-01,ap-southeast-1,Commercial_Advanced,3,44,132
2025-08-01,us-east-1,Commercial_Advanced,2,34,68
2025-08-01,us-east-1,Commercial_CBC_Pro,1,31,31
2025-08-01,eu-west-1,Surveillance_IPC,5,19,95
2025-08-01,ap-southeast-1,Commercial_CBC_Pro,3,15,45
2025-08-01,eu-west-1,Commercial_Advanced,2,11,22
2025-08-01,ap-southeast-1,Surveillance_IPC,1,3,3
2025-08-01,eu-west-1,Commercial_CBC_Pro,1,3,3
2025-08-01,us-east-1,Surveillance_IPC,2,1,2
2025-08-01,eu-west-1,Surveillance_IPC,3,1,3
2025-08-01,us-east-1,Commercial_CBC_Pro,5,1,5
2025-08-01,eu-west-1,Commercial_Advanced,4,1,4
2025-07-01,ap-southeast-1,Commercial_Advanced,1,4920,4920
2025-07-01,us-east-1,Commercial_Advanced,1,2527,2527
2025-07-01,eu-west-1,Commercial_Advanced,1,2348,2348
2025-07-01,ap-southeast-1,Commercial_Advanced,3,1423,4269
2025-07-01,eu-west-1,Commercial_Advanced,5,677,3385
2025-07-01,eu-west-1,Commercial_Advanced,3,284,852
2025-07-01,us-east-1,Commercial_CBC_Pro,5,189,945
2025-07-01,ap-southeast-1,Commercial_Advanced,5,151,755
2025-07-01,us-east-1,Commercial_CBC_Pro,1,151,151
2025-07-01,us-east-1,Commercial_Advanced,5,143,715
2025-07-01,ap-southeast-1,Commercial_CBC_Pro,5,129,645
2025-07-01,us-east-1,Commercial_Advanced,3,101,303
2025-07-01,us-east-1,Commercial_Advanced,2,60,120
2025-07-01,us-east-1,Surveillance_IPC,7,30,210
2025-07-01,ap-southeast-1,Commercial_Advanced,2,27,54
2025-07-01,us-east-1,Commercial_Advanced,7,26,182
2025-07-01,eu-west-1,Commercial_CBC_Pro,5,17,85
2025-07-01,eu-west-1,Surveillance_IPC,1,13,13
2025-07-01,ap-southeast-1,Surveillance_IPC,1,13,13
2025-07-01,ap-southeast-1,Commercial_CBC_Pro,3,12,36
2025-07-01,eu-west-1,Commercial_Advanced,2,11,22
2025-07-01,eu-west-1,Surveillance_IPC,3,10,30
2025-07-01,ap-southeast-1,Commercial_Advanced,7,4,28
2025-07-01,eu-west-1,Commercial_Advanced,4,2,8
2025-07-01,us-east-1,Commercial_Advanced,4,1,4
2025-07-01,eu-west-1,Commercial_CBC_Pro,3,1,3
2025-07-01,us-east-1,Surveillance_IPC,1,1,1
2025-06-01,us-east-1,Commercial_Advanced,1,2579,2579
2025-06-01,ap-southeast-1,Commercial_Advanced,1,896,896
2025-06-01,eu-west-1,Commercial_Advanced,1,634,634
2025-06-01,eu-west-1,Commercial_Advanced,5,554,2770
2025-06-01,ap-southeast-1,Commercial_Advanced,3,525,1575
2025-06-01,eu-west-1,Commercial_Advanced,3,229,687
2025-06-01,us-east-1,Commercial_Advanced,3,195,585
2025-06-01,ap-southeast-1,Commercial_Advanced,5,192,960
2025-06-01,us-east-1,Commercial_CBC_Pro,1,77,77
2025-06-01,us-east-1,Internal_Promotion,1,75,75
2025-06-01,us-east-1,Commercial_Advanced,5,73,365
2025-06-01,us-east-1,Commercial_Advanced,2,72,144
2025-06-01,eu-west-1,Internal_Promotion,1,60,60
2025-06-01,ap-southeast-1,Internal_Promotion,1,60,60
2025-06-01,eu-west-1,Surveillance_IPC,1,47,47
2025-06-01,us-east-1,Surveillance_IPC,1,32,32
2025-06-01,ap-southeast-1,Commercial_CBC_Pro,3,21,63
2025-06-01,us-east-1,Commercial_Advanced,4,14,56
2025-06-01,ap-southeast-1,Commercial_CBC_Pro,1,14,14
2025-06-01,eu-west-1,Surveillance_IPC,5,12,60
2025-06-01,ap-southeast-1,Surveillance_IPC,1,6,6
2025-06-01,eu-west-1,Surveillance_IPC,3,2,6
2025-06-01,us-east-1,Surveillance_IPC,5,2,10
2025-06-01,us-east-1,Surveillance_IPC,3,2,6
2025-06-01,ap-southeast-1,Commercial_Advanced,2,1,2
2025-06-01,ap-southeast-1,Commercial_Advanced,4,1,4
2025-06-01,eu-west-1,Commercial_Advanced,2,1,2
2025-05-01,ap-southeast-1,Commercial_Advanced,5,8870,44350
2025-05-01,eu-west-1,Commercial_Advanced,1,2498,2498
2025-05-01,us-east-1,Commercial_Advanced,1,1938,1938
2025-05-01,ap-southeast-1,Commercial_Advanced,1,1532,1532
2025-05-01,eu-west-1,Commercial_Advanced,3,1133,3399
2025-05-01,eu-west-1,Commercial_Advanced,5,738,3690
2025-05-01,ap-southeast-1,Commercial_Advanced,3,317,951
2025-05-01,ap-southeast-1,Commercial_CBC_Pro,1,226,226
2025-05-01,us-east-1,Commercial_Advanced,3,171,513
2025-05-01,us-east-1,Commercial_Advanced,5,146,730
2025-05-01,ap-southeast-1,Commercial_CBC_Pro,3,64,192
2025-05-01,ap-southeast-1,Trial,1,60,60
2025-05-01,ap-southeast-1,Internal_Promotion,1,56,56
2025-05-01,us-east-1,Commercial_CBC_Pro,1,49,49
2025-05-01,ap-southeast-1,Surveillance_IPC,1,40,40
2025-05-01,us-east-1,Internal_Promotion,1,30,30
2025-05-01,us-east-1,Commercial_Advanced,2,29,58
2025-05-01,us-east-1,Commercial_CBC_Pro,5,18,90
2025-05-01,us-east-1,Surveillance_IPC,1,9,9
2025-05-01,eu-west-1,Commercial_Advanced,2,8,16
2025-05-01,eu-west-1,Commercial_Advanced,4,2,8
2025-05-01,ap-southeast-1,Commercial_Advanced,2,2,4
2025-05-01,eu-west-1,Surveillance_IPC,1,1,1
2025-04-01,us-east-1,Surveillance_IPC,5,2010,10050
2025-04-01,us-east-1,Commercial_Advanced,1,1693,1693
2025-04-01,ap-southeast-1,Commercial_Advanced,1,1569,1569
2025-04-01,ap-southeast-1,Commercial_Advanced,5,1226,6130
2025-04-01,us-east-1,Surveillance_IPC,3,1200,3600
2025-04-01,ap-southeast-1,Surveillance_IPC,5,1010,5050
2025-04-01,eu-west-1,Surveillance_IPC,5,980,4900
2025-04-01,eu-west-1,Commercial_Advanced,1,791,791
2025-04-01,ap-southeast-1,Surveillance_IPC,3,701,2103
2025-04-01,eu-west-1,Surveillance_IPC,3,499,1497
2025-04-01,us-east-1,Surveillance_IPC,1,400,400
2025-04-01,eu-west-1,Commercial_Advanced,5,385,1925
2025-04-01,eu-west-1,Commercial_Advanced,3,297,891
2025-04-01,ap-southeast-1,Surveillance_IPC,1,213,213
2025-04-01,eu-west-1,Surveillance_IPC,1,187,187
2025-04-01,ap-southeast-1,Commercial_Advanced,3,171,513
2025-04-01,us-east-1,Commercial_Advanced,3,151,453
2025-04-01,us-east-1,Commercial_Advanced,5,90,450
2025-04-01,ap-southeast-1,Commercial_Advanced,2,64,128
2025-04-01,us-east-1,Commercial_Advanced,2,60,120
2025-04-01,us-east-1,Commercial_CBC_Pro,1,51,51
2025-04-01,ap-southeast-1,Commercial_CBC_Pro,5,13,65
2025-04-01,eu-west-1,Commercial_CBC_Pro,1,6,6
2025-04-01,us-east-1,Commercial_CBC_Pro,5,4,20
2025-04-01,us-east-1,Commercial_CBC_Pro,3,3,9
2025-04-01,eu-west-1,Commercial_Advanced,2,3,6
2025-03-01,ap-southeast-1,Commercial_Advanced,5,2995,14975
2025-03-01,ap-southeast-1,Commercial_Advanced,1,2662,2662
2025-03-01,us-east-1,Commercial_Advanced,1,2069,2069
2025-03-01,eu-west-1,Commercial_Advanced,1,772,772
2025-03-01,eu-west-1,Commercial_Advanced,3,555,1665
2025-03-01,ap-southeast-1,Surveillance_IPC,5,500,2500
2025-03-01,us-east-1,Surveillance_IPC,5,500,2500
2025-03-01,us-east-1,Commercial_CBC_Pro,5,326,1630
2025-03-01,ap-southeast-1,Surveillance_IPC,3,300,900
2025-03-01,us-east-1,Surveillance_IPC,3,300,900
2025-03-01,eu-west-1,Commercial_Advanced,5,220,1100
2025-03-01,us-east-1,Commercial_Advanced,2,121,242
2025-03-01,us-east-1,Commercial_Advanced,5,102,510
2025-03-01,ap-southeast-1,Surveillance_IPC,1,100,100
2025-03-01,us-east-1,Surveillance_IPC,1,100,100
2025-03-01,us-east-1,Commercial_Advanced,3,66,198
2025-03-01,ap-southeast-1,Commercial_Advanced,3,49,147
2025-03-01,us-east-1,Commercial_CBC_Pro,1,16,16
2025-03-01,eu-west-1,Commercial_Advanced,2,15,30
2025-03-01,us-east-1,Commercial_Advanced,4,10,40
2025-03-01,ap-southeast-1,Commercial_Advanced,2,9,18
2025-03-01,ap-southeast-1,Commercial_CBC_Pro,1,6,6
2025-03-01,eu-west-1,Commercial_CBC_Pro,1,1,1
2025-02-01,us-east-1,Commercial_Advanced,1,83923,83923
2025-02-01,eu-west-1,Commercial_Advanced,1,2457,2457
2025-02-01,ap-southeast-1,Commercial_Advanced,1,2432,2432
2025-02-01,ap-southeast-1,Commercial_Advanced,5,2149,10745
2025-02-01,ap-southeast-1,Trial,3,1235,3705
2025-02-01,us-east-1,Trial,3,665,1995
2025-02-01,eu-west-1,Trial,3,248,744
2025-02-01,eu-west-1,Commercial_Advanced,5,248,1240
2025-02-01,ap-southeast-1,Internal_Promotion,1,220,220
2025-02-01,eu-west-1,Commercial_Advanced,3,207,621
2025-02-01,us-east-1,Commercial_CBC_Pro,1,176,176
2025-02-01,us-east-1,Commercial_Advanced,5,118,590
2025-02-01,us-east-1,Commercial_Advanced,3,74,222
2025-02-01,ap-southeast-1,Commercial_CBC_Pro,5,58,290
2025-02-01,ap-southeast-1,Commercial_Advanced,3,53,159
2025-02-01,eu-west-1,Commercial_CBC_Pro,1,50,50
2025-02-01,us-east-1,Commercial_Advanced,2,30,60
2025-02-01,ap-southeast-1,Commercial_CBC_Pro,3,21,63
2025-02-01,eu-west-1,Commercial_Advanced,2,15,30
2025-02-01,us-east-1,Commercial_CBC_Pro,5,11,55
2025-02-01,ap-southeast-1,Commercial_Advanced,2,10,20
2025-02-01,us-east-1,Commercial_Advanced,4,6,24
2025-02-01,us-east-1,Commercial_CBC_Pro,3,3,9
2025-02-01,eu-west-1,Commercial_CBC_Pro,5,2,10
2025-01-01,us-east-1,Commercial_Advanced,1,1573,1573
2025-01-01,ap-southeast-1,Commercial_Advanced,1,1065,1065
2025-01-01,eu-west-1,Commercial_Advanced,1,542,542
2025-01-01,eu-west-1,Commercial_Advanced,5,210,1050
2025-01-01,eu-west-1,Commercial_Advanced,3,166,498
2025-01-01,us-east-1,Commercial_Advanced,5,127,635
2025-01-01,us-east-1,Commercial_CBC_Pro,3,110,330
2025-01-01,us-east-1,Commercial_Advanced,3,109,327
2025-01-01,ap-southeast-1,Commercial_Advanced,5,105,525
2025-01-01,us-east-1,Commercial_CBC_Pro,1,88,88
2025-01-01,us-east-1,Commercial_Advanced,2,66,132
2025-01-01,ap-southeast-1,Commercial_Advanced,3,30,90
2025-01-01,ap-southeast-1,Internal_Promotion,1,30,30
2025-01-01,ap-southeast-1,Commercial_Advanced,2,17,34
2025-01-01,us-east-1,Commercial_CBC_Pro,5,12,60
2025-01-01,eu-west-1,Commercial_CBC_Pro,1,10,10
2025-01-01,ap-southeast-1,Commercial_CBC_Pro,5,9,45
2025-01-01,eu-west-1,Commercial_Advanced,2,2,4
2025-01-01,us-east-1,Commercial_Advanced,4,2,8
2025-01-01,ap-southeast-1,Commercial_CBC_Pro,1,1,1
2024-12-01,ap-southeast-1,Commercial_Advanced,1,2794,2794
2024-12-01,us-east-1,Commercial_Advanced,1,2121,2121
2024-12-01,ap-southeast-1,Commercial_Advanced,3,269,807
2024-12-01,eu-west-1,Commercial_Advanced,1,215,215
2024-12-01,eu-west-1,Commercial_Advanced,5,154,770
2024-12-01,eu-west-1,Commercial_Advanced,3,120,360
2024-12-01,us-east-1,Commercial_Advanced,5,101,505
2024-12-01,us-east-1,Commercial_Advanced,3,76,228
2024-12-01,ap-southeast-1,Commercial_Advanced,5,62,310
2024-12-01,us-east-1,Internal_Promotion,1,60,60
2024-12-01,us-east-1,Commercial_Advanced,2,55,110
2024-12-01,us-east-1,Commercial_CBC_Pro,1,35,35
2024-12-01,ap-southeast-1,Internal_Promotion,1,30,30
2024-12-01,us-east-1,Commercial_CBC_Pro,3,29,87
2024-12-01,eu-west-1,Commercial_Advanced,2,10,20
2024-12-01,eu-west-1,Commercial_CBC_Pro,5,10,50
2024-12-01,us-east-1,Commercial_CBC_Pro,5,8,40
2024-12-01,ap-southeast-1,Commercial_CBC_Pro,1,5,5
2024-12-01,ap-southeast-1,Trial,3,3,9
2024-12-01,ap-southeast-1,Commercial_Advanced,2,3,6
2024-12-01,ap-southeast-1,Commercial_CBC_Pro,3,3,9
2024-12-01,us-east-1,Trial,3,1,3
2024-11-01,eu-west-1,Commercial_Advanced,1,2305,2305
2024-11-01,us-east-1,Commercial_Advanced,1,1794,1794
2024-11-01,ap-southeast-1,Commercial_Advanced,1,1695,1695
2024-11-01,eu-west-1,Commercial_Advanced,5,254,1270
2024-11-01,eu-west-1,Commercial_Advanced,3,187,561
2024-11-01,ap-southeast-1,Commercial_Advanced,3,146,438
2024-11-01,us-east-1,Commercial_CBC_Pro,3,122,366
2024-11-01,us-east-1,Commercial_Advanced,5,97,485
2024-11-01,us-east-1,Commercial_Advanced,2,95,190
2024-11-01,ap-southeast-1,Internal_Promotion,1,75,75
2024-11-01,ap-southeast-1,Commercial_Advanced,5,49,245
2024-11-01,us-east-1,Commercial_Advanced,3,41,123
2024-11-01,us-east-1,Commercial_CBC_Pro,5,30,150
2024-11-01,us-east-1,Internal_Promotion,1,30,30
2024-11-01,eu-west-1,Internal_Promotion,1,30,30
2024-11-01,us-east-1,Commercial_CBC_Pro,1,8,8
2024-11-01,ap-southeast-1,Commercial_CBC_Pro,1,6,6
2024-11-01,eu-west-1,Commercial_Advanced,2,6,12
2024-11-01,ap-southeast-1,Commercial_Advanced,2,2,4
2024-10-01,ap-southeast-1,Commercial_Advanced,5,5005,25025
2024-10-01,us-east-1,Commercial_Advanced,1,1555,1555
2024-10-01,ap-southeast-1,Commercial_Advanced,1,1044,1044
2024-10-01,eu-west-1,Commercial_Advanced,1,629,629
2024-10-01,eu-west-1,Commercial_Advanced,3,548,1644
2024-10-01,us-east-1,Commercial_Advanced,3,422,1266
2024-10-01,ap-southeast-1,Commercial_Advanced,3,373,1119
2024-10-01,us-east-1,Commercial_Advanced,5,149,745
2024-10-01,eu-west-1,Commercial_Advanced,5,78,390
2024-10-01,us-east-1,Commercial_CBC_Pro,1,56,56
2024-10-01,us-east-1,Commercial_Advanced,2,44,88
2024-10-01,eu-west-1,Commercial_CBC_Pro,3,26,78
2024-10-01,ap-southeast-1,Commercial_CBC_Pro,1,16,16
2024-10-01,ap-southeast-1,Commercial_CBC_Pro,3,16,48
2024-10-01,us-east-1,Commercial_CBC_Pro,3,8,24
2024-10-01,ap-southeast-1,Commercial_Advanced,2,5,10
2024-10-01,eu-west-1,Commercial_Advanced,2,4,8
2024-10-01,us-east-1,Commercial_Advanced,4,1,4
2024-09-01,ap-southeast-1,Commercial_Advanced,1,11152,11152
2024-09-01,ap-southeast-1,Commercial_Advanced,5,5031,25155
2024-09-01,us-east-1,Commercial_Advanced,1,1358,1358
2024-09-01,eu-west-1,Commercial_Advanced,1,456,456
2024-09-01,eu-west-1,Commercial_Advanced,3,221,663
2024-09-01,eu-west-1,Commercial_Advanced,5,149,745
2024-09-01,ap-southeast-1,Commercial_Advanced,3,96,288
2024-09-01,us-east-1,Commercial_Advanced,5,62,310
2024-09-01,us-east-1,Commercial_Advanced,2,60,120
2024-09-01,us-east-1,Commercial_CBC_Pro,1,54,54
2024-09-01,us-east-1,Commercial_CBC_Pro,3,30,90
2024-09-01,us-east-1,Commercial_Advanced,3,26,78
2024-09-01,eu-west-1,Commercial_Advanced,2,14,28
2024-09-01,ap-southeast-1,Commercial_CBC_Pro,1,10,10
2024-09-01,ap-southeast-1,Commercial_Advanced,2,7,14
2024-09-01,us-east-1,Commercial_Advanced,4,1,4
2024-08-01,ap-southeast-1,Commercial_Advanced,1,2108,2108
2024-08-01,us-east-1,Commercial_Advanced,1,1167,1167
2024-08-01,eu-west-1,Commercial_Advanced,1,421,421
2024-08-01,us-east-1,Commercial_CBC_Pro,5,398,1990
2024-08-01,us-east-1,Commercial_Advanced,5,127,635
2024-08-01,eu-west-1,Commercial_Advanced,3,125,375
2024-08-01,us-east-1,Commercial_Advanced,3,107,321
2024-08-01,ap-southeast-1,Commercial_Advanced,3,95,285
2024-08-01,us-east-1,Commercial_Advanced,2,69,138
2024-08-01,us-east-1,Commercial_CBC_Pro,1,55,55
2024-08-01,eu-west-1,Commercial_Advanced,5,32,160
2024-08-01,us-east-1,Commercial_Advanced,4,4,16
2024-08-01,ap-southeast-1,Commercial_CBC_Pro,3,4,12
2024-08-01,eu-west-1,Commercial_CBC_Pro,1,3,3
2024-08-01,ap-southeast-1,Commercial_Advanced,5,3,15
2024-08-01,ap-southeast-1,Commercial_Advanced,4,2,8
2024-08-01,eu-west-1,Commercial_Advanced,2,2,4
2024-08-01,us-east-1,Commercial_CBC_Pro,3,2,6
2024-08-01,ap-southeast-1,Commercial_Advanced,2,1,2
2024-07-01,ap-southeast-1,Commercial_Advanced,1,4574,4574
2024-07-01,eu-west-1,Commercial_Advanced,1,2621,2621
2024-07-01,us-east-1,Commercial_Advanced,1,1660,1660
2024-07-01,eu-west-1,Commercial_Advanced,5,491,2455
2024-07-01,eu-west-1,Commercial_Advanced,3,199,597
2024-07-01,us-east-1,Commercial_Advanced,5,142,710
2024-07-01,us-east-1,Commercial_Advanced,3,118,354
2024-07-01,us-east-1,Commercial_Advanced,2,83,166
2024-07-01,us-east-1,Commercial_CBC_Pro,3,56,168
2024-07-01,ap-southeast-1,Commercial_Advanced,3,36,108
2024-07-01,ap-southeast-1,Commercial_Advanced,5,28,140
2024-07-01,eu-west-1,Commercial_Advanced,2,19,38
2024-07-01,ap-southeast-1,Commercial_CBC_Pro,1,10,10
2024-07-01,us-east-1,Commercial_CBC_Pro,1,5,5
2024-07-01,us-east-1,Commercial_Advanced,4,4,16
2024-07-01,ap-southeast-1,Commercial_Advanced,2,1,2
2024-06-01,us-east-1,Commercial_Advanced,1,1675,1675
2024-06-01,ap-southeast-1,Commercial_Advanced,1,632,632
2024-06-01,ap-southeast-1,Commercial_Advanced,5,500,2500
2024-06-01,eu-west-1,Commercial_Advanced,3,312,936
2024-06-01,eu-west-1,Commercial_Advanced,1,284,284
2024-06-01,us-east-1,Commercial_Advanced,5,131,655
2024-06-01,us-east-1,Commercial_Advanced,3,95,285
2024-06-01,us-east-1,Commercial_Advanced,2,66,132
2024-06-01,ap-southeast-1,Commercial_CBC_Pro,1,54,54
2024-06-01,eu-west-1,Commercial_Advanced,5,33,165
2024-06-01,ap-southeast-1,Commercial_Advanced,3,16,48
2024-06-01,us-east-1,Commercial_CBC_Pro,1,15,15
2024-06-01,ap-southeast-1,Commercial_Advanced,2,6,12
2024-06-01,eu-west-1,Commercial_Advanced,4,4,16
2024-06-01,eu-west-1,Commercial_CBC_Pro,1,2,2
2024-06-01,ap-southeast-1,Commercial_CBC_Pro,3,1,3
2024-06-01,us-east-1,Commercial_Advanced,4,1,4
2024-05-01,us-east-1,Commercial_Advanced,1,988,988
2024-05-01,ap-southeast-1,Commercial_Advanced,1,884,884
2024-05-01,ap-southeast-1,Commercial_Advanced,5,426,2130
2024-05-01,eu-west-1,Commercial_Advanced,1,316,316
2024-05-01,ap-southeast-1,Commercial_Advanced,3,220,660
2024-05-01,us-east-1,Commercial_Advanced,3,187,561
2024-05-01,us-east-1,Commercial_Advanced,5,152,760
2024-05-01,eu-west-1,Commercial_Advanced,3,131,393
2024-05-01,us-east-1,Commercial_Advanced,2,69,138
2024-05-01,eu-west-1,Commercial_Advanced,5,54,270
2024-05-01,us-east-1,Commercial_CBC_Pro,1,46,46
2024-05-01,ap-southeast-1,Commercial_CBC_Pro,1,32,32
2024-05-01,ap-southeast-1,Commercial_Advanced,2,7,14
2024-05-01,eu-west-1,Commercial_Advanced,2,5,10
2024-05-01,eu-west-1,Commercial_CBC_Pro,3,1,3
2024-04-01,eu-west-1,Commercial_Advanced,1,2394,2394
2024-04-01,ap-southeast-1,Commercial_Advanced,1,1395,1395
2024-04-01,us-east-1,Commercial_Advanced,1,1122,1122
2024-04-01,eu-west-1,Commercial_Advanced,3,1076,3228
2024-04-01,ap-southeast-1,Commercial_Advanced,3,536,1608
2024-04-01,eu-west-1,Surveillance_IPC,1,230,230
2024-04-01,eu-west-1,Commercial_Advanced,5,206,1030
2024-04-01,ap-southeast-1,Surveillance_IPC,1,135,135
2024-04-01,us-east-1,Commercial_Advanced,5,80,400
2024-04-01,us-east-1,Commercial_Advanced,2,45,90
2024-04-01,ap-southeast-1,Commercial_CBC_Pro,5,38,190
2024-04-01,us-east-1,Commercial_Advanced,3,22,66
2024-04-01,eu-west-1,Commercial_Advanced,2,22,44
2024-04-01,us-east-1,Commercial_CBC_Pro,1,19,19
2024-04-01,ap-southeast-1,Commercial_Advanced,5,18,90
2024-04-01,ap-southeast-1,Commercial_CBC_Pro,1,10,10
2024-04-01,ap-southeast-1,Trial,1,10,10
2024-04-01,ap-southeast-1,Surveillance_IPC,3,5,15
2024-04-01,eu-west-1,Commercial_CBC_Pro,1,5,5
2024-04-01,ap-southeast-1,Surveillance_IPC,5,5,25
2024-04-01,eu-west-1,Commercial_Advanced,4,3,12
2024-04-01,us-east-1,Commercial_Advanced,4,1,4
2024-03-01,ap-southeast-1,Commercial_Advanced,1,1213,1213
2024-03-01,us-east-1,Commercial_Advanced,1,888,888
2024-03-01,eu-west-1,Commercial_Advanced,1,601,601
2024-03-01,eu-west-1,Commercial_Advanced,3,230,690
2024-03-01,eu-west-1,Commercial_Advanced,5,202,1010
2024-03-01,ap-southeast-1,Commercial_Advanced,3,150,450
2024-03-01,us-east-1,Commercial_CBC_Pro,5,80,400
2024-03-01,us-east-1,Commercial_Advanced,3,75,225
2024-03-01,us-east-1,Commercial_Advanced,2,52,104
2024-03-01,us-east-1,Commercial_CBC_Pro,3,38,114
2024-03-01,us-east-1,Commercial_Advanced,5,37,185
2024-03-01,eu-west-1,Commercial_Advanced,2,13,26
2024-03-01,ap-southeast-1,Commercial_Advanced,5,10,50
2024-03-01,ap-southeast-1,Commercial_Advanced,2,6,12
2024-02-01,ap-southeast-1,Commercial_Advanced,1,8796,8796
2024-02-01,ap-southeast-1,Commercial_Advanced,5,5451,27255
2024-02-01,eu-west-1,Commercial_Advanced,1,1283,1283
2024-02-01,us-east-1,Commercial_Advanced,1,1160,1160
2024-02-01,ap-southeast-1,Commercial_Advanced,3,409,1227
2024-02-01,eu-west-1,Commercial_Advanced,3,201,603
2024-02-01,us-east-1,Commercial_Advanced,3,148,444
2024-02-01,eu-west-1,Commercial_Advanced,5,116,580
2024-02-01,us-east-1,Commercial_CBC_Pro,1,81,81
2024-02-01,us-east-1,Commercial_Advanced,5,73,365
2024-02-01,us-east-1,Commercial_Advanced,2,52,104
2024-02-01,eu-west-1,Commercial_Advanced,2,14,28
2024-02-01,ap-southeast-1,Commercial_Advanced,2,3,6
2024-01-01,ap-southeast-1,Commercial_Advanced,1,6353,6353
2024-01-01,us-east-1,Commercial_Advanced,1,806,806
2024-01-01,eu-west-1,Commercial_Advanced,1,213,213
2024-01-01,ap-southeast-1,Commercial_Advanced,3,140,420
2024-01-01,ap-southeast-1,Trial,5,130,650
2024-01-01,us-east-1,Commercial_CBC_Pro,3,107,321
2024-01-01,eu-west-1,Commercial_Advanced,3,93,279
2024-01-01,eu-west-1,Commercial_Advanced,5,71,355
2024-01-01,us-east-1,Commercial_Advanced,5,53,265
2024-01-01,us-east-1,Commercial_Advanced,3,41,123
2024-01-01,us-east-1,Commercial_Advanced,2,34,68
2024-01-01,eu-west-1,Commercial_Advanced,2,15,30
2024-01-01,ap-southeast-1,Commercial_CBC_Pro,5,11,55
2024-01-01,eu-west-1,Commercial_CBC_Pro,3,10,30
2024-01-01,us-east-1,Trial,1,10,10
2024-01-01,ap-southeast-1,Commercial_Advanced,5,9,45
2024-01-01,us-east-1,Commercial_CBC_Pro,1,8,8
2024-01-01,ap-southeast-1,Commercial_Advanced,2,7,14
2023-12-01,ap-southeast-1,Commercial_Advanced,1,8107,8107
2023-12-01,us-east-1,Commercial_Advanced,1,719,719
2023-12-01,eu-west-1,Commercial_Advanced,3,279,837
2023-12-01,eu-west-1,Commercial_Advanced,1,151,151
2023-12-01,us-east-1,Commercial_Advanced,5,116,580
2023-12-01,us-east-1,Commercial_Advanced,3,79,237
2023-12-01,eu-west-1,Commercial_Advanced,5,72,360
2023-12-01,ap-southeast-1,Commercial_Advanced,3,53,159
2023-12-01,us-east-1,Commercial_Advanced,2,32,64
2023-12-01,ap-southeast-1,Commercial_Advanced,5,12,60
2023-12-01,eu-west-1,Commercial_Advanced,2,10,20
2023-12-01,us-east-1,Trial,1,10,10
2023-12-01,ap-southeast-1,Commercial_Advanced,2,5,10
2023-12-01,us-east-1,Commercial_Advanced,4,3,12
2023-12-01,eu-west-1,Commercial_CBC_Pro,5,2,10
2023-11-01,ap-southeast-1,Commercial_Advanced,1,18566,18566
2023-11-01,eu-west-1,Commercial_Advanced,1,1193,1193
2023-11-01,us-east-1,Commercial_Advanced,1,1049,1049
2023-11-01,eu-west-1,Commercial_Advanced,3,205,615
2023-11-01,ap-southeast-1,Commercial_Advanced,3,142,426
2023-11-01,us-east-1,Commercial_Advanced,5,133,665
2023-11-01,eu-west-1,Commercial_Advanced,5,73,365
2023-11-01,us-east-1,Commercial_Advanced,2,51,102
2023-11-01,us-east-1,Commercial_Advanced,3,45,135
2023-11-01,ap-southeast-1,Trial,1,20,20
2023-11-01,ap-southeast-1,Commercial_Advanced,5,15,75
2023-11-01,ap-southeast-1,Commercial_Advanced,4,6,24
2023-11-01,eu-west-1,Commercial_Advanced,2,3,6
2023-11-01,ap-southeast-1,Commercial_Advanced,2,2,4
2023-10-01,eu-west-1,Commercial_Advanced,3,1037,3111
2023-10-01,us-east-1,Commercial_Advanced,1,999,999
2023-10-01,ap-southeast-1,Commercial_Advanced,3,362,1086
2023-10-01,eu-west-1,Commercial_Advanced,5,326,1630
2023-10-01,eu-west-1,Commercial_Advanced,1,282,282
2023-10-01,ap-southeast-1,Commercial_Advanced,1,235,235
2023-10-01,us-east-1,Commercial_Advanced,5,171,855
2023-10-01,us-east-1,Commercial_Advanced,3,39,117
2023-10-01,us-east-1,Commercial_Advanced,2,38,76
2023-10-01,eu-west-1,Commercial_Advanced,2,9,18
2023-10-01,us-east-1,Commercial_Advanced,4,7,28
2023-10-01,ap-southeast-1,Commercial_Advanced,5,3,15
2023-10-01,ap-southeast-1,Commercial_Advanced,2,2,4
2023-09-01,ap-southeast-1,Commercial_Advanced,1,10476,10476
2023-09-01,ap-southeast-1,Commercial_Advanced,5,8531,42655
2023-09-01,us-east-1,Commercial_Advanced,1,728,728
2023-09-01,eu-west-1,Commercial_Advanced,3,266,798
2023-09-01,eu-west-1,Commercial_Advanced,5,164,820
2023-09-01,us-east-1,Commercial_Advanced,3,147,441
2023-09-01,eu-west-1,Commercial_Advanced,1,134,134
2023-09-01,us-east-1,Commercial_Advanced,5,109,545
2023-09-01,us-east-1,Commercial_CBC_Pro,1,30,30
2023-09-01,eu-west-1,Trial,1,30,30
2023-09-01,us-east-1,Commercial_Advanced,2,30,60
2023-09-01,ap-southeast-1,Commercial_Advanced,3,19,57
2023-09-01,eu-west-1,Commercial_Advanced,2,6,12
2023-09-01,ap-southeast-1,Commercial_Advanced,2,6,12
2023-08-01,us-east-1,Commercial_Advanced,1,556,556
2023-08-01,eu-west-1,Commercial_Advanced,1,399,399
2023-08-01,ap-southeast-1,Commercial_Advanced,1,297,297
2023-08-01,eu-west-1,Commercial_Advanced,5,160,800
2023-08-01,eu-west-1,Commercial_Advanced,3,113,339
2023-08-01,us-east-1,Commercial_Advanced,3,97,291
2023-08-01,ap-southeast-1,Commercial_Advanced,3,72,216
2023-08-01,us-east-1,Commercial_Advanced,5,61,305
2023-08-01,ap-southeast-1,Commercial_Advanced,5,52,260
2023-08-01,us-east-1,Commercial_Advanced,2,34,68
2023-08-01,ap-southeast-1,Commercial_Advanced,2,30,60
2023-08-01,eu-west-1,Trial,1,11,11
2023-08-01,eu-west-1,Commercial_Advanced,2,2,4
2023-07-01,ap-southeast-1,Commercial_Advanced,5,5914,29570
2023-07-01,ap-southeast-1,Commercial_Advanced,1,1573,1573
2023-07-01,us-east-1,Commercial_Advanced,1,506,506
2023-07-01,us-east-1,Trial,5,320,1600
2023-07-01,eu-west-1,Commercial_Advanced,1,191,191
2023-07-01,eu-west-1,Commercial_Advanced,5,184,920
2023-07-01,eu-west-1,Commercial_Advanced,3,88,264
2023-07-01,us-east-1,Commercial_Advanced,5,57,285
2023-07-01,us-east-1,Commercial_Advanced,3,45,135
2023-07-01,us-east-1,Commercial_Advanced,2,33,66
2023-07-01,eu-west-1,Commercial_Advanced,2,13,26
2023-07-01,ap-southeast-1,Commercial_Advanced,3,10,30
2023-07-01,ap-southeast-1,Trial,1,5,5
2023-07-01,us-east-1,Commercial_Advanced,4,4,16
2023-07-01,eu-west-1,Commercial_Advanced,4,4,16
2023-06-01,ap-southeast-1,Commercial_Advanced,5,5010,25050
2023-06-01,us-east-1,Commercial_Advanced,1,1199,1199
2023-06-01,us-east-1,Commercial_CBC_Pro,1,450,450
2023-06-01,ap-southeast-1,Commercial_Advanced,1,317,317
2023-06-01,ap-southeast-1,Trial,1,215,215
2023-06-01,eu-west-1,Commercial_Advanced,1,192,192
2023-06-01,eu-west-1,Commercial_Advanced,3,163,489
2023-06-01,us-east-1,Trial,5,100,500
2023-06-01,ap-southeast-1,Trial,5,80,400
2023-06-01,us-east-1,Commercial_Advanced,5,70,350
2023-06-01,us-east-1,Trial,1,67,67
2023-06-01,us-east-1,Commercial_Advanced,3,47,141
2023-06-01,eu-west-1,Commercial_Advanced,5,27,135
2023-06-01,us-east-1,Commercial_Advanced,2,17,34
2023-06-01,ap-southeast-1,Others,1,15,15
2023-06-01,us-east-1,Commercial_Advanced,4,10,40
2023-06-01,ap-southeast-1,Commercial_Advanced,3,3,9
2023-06-01,eu-west-1,Commercial_Advanced,2,3,6
2023-06-01,ap-southeast-1,Commercial_Advanced,4,1,4
2023-05-01,us-east-1,Commercial_Advanced,1,559,559
2023-05-01,eu-west-1,Commercial_Advanced,5,270,1350
2023-05-01,eu-west-1,Commercial_Advanced,1,199,199
2023-05-01,ap-southeast-1,Commercial_Advanced,1,186,186
2023-05-01,ap-southeast-1,Commercial_Advanced,3,119,357
2023-05-01,us-east-1,Commercial_Advanced,5,71,355
2023-05-01,eu-west-1,Commercial_Advanced,3,62,186
2023-05-01,us-east-1,Commercial_Advanced,2,31,62
2023-05-01,us-east-1,Commercial_Advanced,3,18,54
2023-05-01,ap-southeast-1,Commercial_Advanced,5,8,40
2023-05-01,ap-southeast-1,Trial,1,5,5
2023-05-01,us-east-1,Commercial_Advanced,4,4,16
2023-05-01,ap-southeast-1,Commercial_Advanced,2,4,8
2023-04-01,ap-southeast-1,Commercial_Advanced,5,3139,15695
2023-04-01,eu-west-1,Commercial_Advanced,1,1160,1160
2023-04-01,us-east-1,Commercial_Advanced,3,539,1617
2023-04-01,us-east-1,Commercial_Advanced,1,476,476
2023-04-01,ap-southeast-1,Commercial_Advanced,1,238,238
2023-04-01,eu-west-1,Commercial_Advanced,3,167,501
2023-04-01,us-east-1,Commercial_Advanced,2,65,130
2023-04-01,us-east-1,Commercial_Advanced,5,31,155
2023-04-01,eu-west-1,Commercial_Advanced,5,24,120
2023-04-01,ap-southeast-1,Commercial_Advanced,2,8,16
2023-04-01,eu-west-1,Commercial_Advanced,2,8,16
2023-04-01,us-east-1,Commercial_Advanced,4,6,24
2023-04-01,ap-southeast-1,Commercial_Advanced,3,1,3
2023-03-01,us-east-1,Commercial_Advanced,1,981,981
2023-03-01,eu-west-1,Commercial_Advanced,1,962,962
2023-03-01,ap-southeast-1,Commercial_Advanced,1,721,721
2023-03-01,us-east-1,Commercial_Advanced,5,65,325
2023-03-01,us-east-1,Commercial_Advanced,3,63,189
2023-03-01,ap-southeast-1,Commercial_Advanced,5,17,85
2023-03-01,us-east-1,Commercial_Advanced,2,16,32
2023-03-01,eu-west-1,Commercial_Advanced,3,12,36
2023-03-01,eu-west-1,Commercial_Advanced,5,5,25
2023-03-01,ap-southeast-1,Trial,1,5,5
2023-03-01,ap-southeast-1,Commercial_Advanced,3,2,6
2023-03-01,ap-southeast-1,Commercial_Advanced,2,1,2
2023-02-01,us-east-1,Commercial_Advanced,1,494,494
2023-02-01,ap-southeast-1,Commercial_Advanced,1,465,465
2023-02-01,eu-west-1,Commercial_Advanced,1,64,64
2023-02-01,eu-west-1,Commercial_Advanced,3,38,114
2023-02-01,us-east-1,Commercial_Advanced,5,33,165
2023-02-01,us-east-1,Commercial_Advanced,2,22,44
2023-02-01,us-east-1,Commercial_Advanced,3,20,60
2023-02-01,ap-southeast-1,Commercial_Advanced,3,1,3
2023-02-01,ap-southeast-1,Commercial_Advanced,5,1,5
2023-02-01,eu-west-1,Commercial_Advanced,2,1,2
2023-01-01,ap-southeast-1,Commercial_Advanced,5,9318,46590
2023-01-01,us-east-1,Commercial_Advanced,1,370,370
2023-01-01,eu-west-1,Commercial_Advanced,1,273,273
2023-01-01,us-east-1,Commercial_Advanced,5,60,300
2023-01-01,us-east-1,Commercial_Advanced,3,37,111
2023-01-01,eu-west-1,Commercial_Advanced,5,33,165
2023-01-01,eu-west-1,Commercial_Advanced,3,32,96
2023-01-01,us-east-1,Commercial_Advanced,2,20,40
2023-01-01,ap-southeast-1,Commercial_Advanced,1,13,13
2023-01-01,ap-southeast-1,Commercial_Advanced,3,4,12
2022-12-01,ap-southeast-1,Commercial_Advanced,5,2182,10910
2022-12-01,us-east-1,Commercial_Advanced,1,307,307
2022-12-01,ap-southeast-1,Commercial_Advanced,1,144,144
2022-12-01,eu-west-1,Commercial_Advanced,1,75,75
2022-12-01,us-east-1,Commercial_Advanced,5,43,215
2022-12-01,us-east-1,Commercial_Advanced,2,29,58
2022-12-01,eu-west-1,Commercial_Advanced,5,25,125
2022-12-01,eu-west-1,Commercial_Advanced,3,8,24
2022-12-01,eu-west-1,Commercial_Advanced,2,4,8
2022-12-01,ap-southeast-1,Commercial_Advanced,3,3,9
2022-12-01,us-east-1,Commercial_Advanced,3,2,6
2022-11-01,eu-west-1,Commercial_Advanced,1,530,530
2022-11-01,eu-west-1,Commercial_Advanced,3,468,1404
2022-11-01,us-east-1,Commercial_Advanced,1,421,421
2022-11-01,us-east-1,Commercial_Advanced,3,154,462
2022-11-01,ap-southeast-1,Commercial_Advanced,1,114,114
2022-11-01,ap-southeast-1,Commercial_Advanced,5,69,345
2022-11-01,us-east-1,Commercial_Advanced,5,43,215
2022-11-01,eu-west-1,Commercial_Advanced,5,20,100
2022-11-01,us-east-1,Commercial_Advanced,2,10,20
2022-11-01,ap-southeast-1,Trial,1,10,10
2022-11-01,eu-west-1,Commercial_Advanced,2,10,20
2022-11-01,ap-southeast-1,Commercial_Advanced,3,3,9
2022-11-01,us-east-1,Commercial_Advanced,4,1,4
2022-10-01,us-east-1,Commercial_Advanced,1,545,545
2022-10-01,eu-west-1,Commercial_Advanced,3,160,480
2022-10-01,us-east-1,Trial,1,97,97
2022-10-01,us-east-1,Commercial_Advanced,5,85,425
2022-10-01,ap-southeast-1,Commercial_Advanced,1,76,76
2022-10-01,eu-west-1,Commercial_Advanced,5,31,155
2022-10-01,ap-southeast-1,Commercial_Advanced,5,25,125
2022-10-01,ap-southeast-1,Commercial_Advanced,3,23,69
2022-10-01,us-east-1,Commercial_Advanced,3,10,30
2022-10-01,us-east-1,Commercial_Advanced,2,8,16
2022-09-01,ap-southeast-1,Commercial_Advanced,1,10013,10013
2022-09-01,us-east-1,Commercial_Advanced,1,361,361
2022-09-01,us-east-1,Commercial_Advanced,5,109,545
2022-09-01,us-east-1,Commercial_Advanced,3,76,228
2022-09-01,us-east-1,Commercial_Advanced,2,14,28
2022-09-01,eu-west-1,Trial,1,10,10
2022-09-01,ap-southeast-1,Trial,1,10,10
2022-09-01,us-east-1,Trial,1,10,10
2022-09-01,us-east-1,Commercial_Advanced,4,4,16
2022-09-01,eu-west-1,Commercial_Advanced,5,3,15
2022-08-01,us-east-1,Commercial_Advanced,1,374,374
2022-08-01,ap-southeast-1,Commercial_Advanced,1,167,167
2022-08-01,ap-southeast-1,Commercial_Advanced,3,125,375
2022-08-01,eu-west-1,Trial,1,40,40
2022-08-01,us-east-1,Commercial_Advanced,5,22,110
2022-08-01,ap-southeast-1,Trial,3,10,30
2022-08-01,us-east-1,Commercial_Advanced,2,5,10
2022-08-01,ap-southeast-1,Trial,1,5,5
2022-08-01,eu-west-1,Commercial_Advanced,1,3,3
2022-08-01,us-east-1,Commercial_Advanced,3,2,6
2022-08-01,eu-west-1,Commercial_Advanced,5,2,10
2022-07-01,eu-west-1,Commercial_Advanced,3,250,750
2022-07-01,us-east-1,Commercial_Advanced,1,17,17
2022-06-01,eu-west-1,Commercial_Advanced,3,50,150
2022-06-01,us-east-1,Trial,1,22,22
2022-05-01,ap-southeast-1,Trial,1,90,90
2022-05-01,us-east-1,Commercial_Advanced,5,12,60
2022-05-01,eu-west-1,Commercial_Advanced,1,8,8
2022-05-01,us-east-1,Commercial_Advanced,1,7,7
2022-05-01,ap-southeast-1,Commercial_Advanced,1,2,2
2022-04-01,ap-southeast-1,Trial,1,20,20
2022-04-01,us-east-1,Commercial_Advanced,1,12,12
2022-04-01,eu-west-1,Trial,1,10,10
2022-04-01,eu-west-1,Commercial_Advanced,1,7,7
2022-04-01,us-east-1,Commercial_Advanced,2,4,8
2022-04-01,ap-southeast-1,Commercial_Advanced,1,3,3
2022-03-01,eu-west-1,Trial,1,20,20
2022-03-01,us-east-1,Trial,1,10,10
2022-03-01,ap-southeast-1,Trial,1,10,10
2022-02-01,eu-west-1,Trial,1,270,270
2022-02-01,ap-southeast-1,Trial,1,220,220
2022-02-01,us-east-1,Trial,1,40,40
2022-01-01,ap-southeast-1,Trial,1,270,270
2022-01-01,eu-west-1,Trial,1,190,190
2022-01-01,us-east-1,Trial,1,120,120
2022-01-01,us-east-1,Commercial_Advanced,1,5,5
2022-01-01,eu-west-1,Commercial_Advanced,1,2,2
2022-01-01,us-east-1,Commercial_Advanced,3,1,3
2022-01-01,eu-west-1,Commercial_Advanced,5,1,5
2021-12-01,ap-southeast-1,Commercial_Advanced,1,3,3
2021-12-01,eu-west-1,Commercial_Advanced,4,1,4
2021-12-01,ap-southeast-1,Commercial_Advanced,3,1,3
2021-09-01,us-east-1,Commercial_Advanced,1,2,2
2021-08-01,us-east-1,Commercial_Advanced,1,4,4
2021-08-01,us-east-1,Commercial_Advanced,2,1,2
2021-07-01,ap-southeast-1,Commercial_Advanced,1,1300,1300
2021-07-01,eu-west-1,Commercial_Advanced,1,3,3
2021-07-01,us-east-1,Commercial_Advanced,2,2,4
2021-06-01,us-east-1,Commercial_Advanced,1,1,1
2021-06-01,ap-southeast-1,Commercial_Advanced,1,1,1
2021-05-01,ap-southeast-1,Commercial_Advanced,1,20,20
2021-05-01,us-east-1,Commercial_Advanced,2,7,14
2021-05-01,us-east-1,Commercial_Advanced,1,4,4
2021-04-01,ap-southeast-1,Commercial_Advanced,1,80,80
2021-04-01,us-east-1,Commercial_Advanced,1,1,1
2021-03-01,ap-southeast-1,Commercial_Advanced,1,755,755
2021-03-01,eu-west-1,Commercial_Advanced,1,371,371
2021-03-01,us-east-1,Commercial_Advanced,1,350,350
2021-03-01,ap-southeast-1,Commercial_Advanced,2,1,2
